content_id,subject,sentiment_value,sentiment_word
XuPwKCnA2fqNh5vm,舒适性,0,
2jNbDn85goX3IuPE,舒适性,0,
hLgEADQ8sUnvGFK9,舒适性,0,
nZmM7LQsfr03wUaz,舒适性,0,
pwd8MnrthDqLZafe,舒适性,0,
cudSKGTyMLbIt8k3,舒适性,0,
U5RMQtopwFzDVxHm,舒适性,0,
Kh0ayJjuTrzwPAs1,舒适性,0,
YZovRtEAyQJgTi1I,舒适性,0,
BeSIAUzoTWH9muYl,舒适性,0,
SXYTBWg6FxuboMnd,舒适性,0,
RDgTmzW9xBfY6pGv,舒适性,0,
8cMwzsxkL4XtuDG1,舒适性,0,
MOUrvjDsIJpbw6dQ,舒适性,0,
t01PVoDSd9Lsy5HN,舒适性,0,
icMQmPJA9Sv0KGTw,舒适性,0,
VQkjM1657sIroCf3,舒适性,0,
1rGSYnOx9Fb2ULQX,舒适性,0,
SgNFp8ixQX1HA64y,舒适性,0,
sO6Ac1mThYBKyl4M,舒适性,0,
qIUiOxGdb0M4PQky,舒适性,0,
6GMYQa0Ag4o9nsZ2,舒适性,0,
6Ewe2kxO5msAg0yU,舒适性,0,
PMeBcRxizIaNmAC7,舒适性,0,
9x4gvon6TfN0KtqY,舒适性,0,
Er3x8Ks6mpQqeZO0,舒适性,0,
f5UhrHg6Zztl7VWj,舒适性,0,
fYtbApDWqzGmKX8F,舒适性,0,
YUWFxTOoZCkNzKcu,舒适性,0,
hNVSLDr06cMsgwfI,舒适性,0,
aV6A5z8pJRkKIC9r,舒适性,0,
E9SZbnzR2XW0QiLs,舒适性,0,
DXhAOZEsTBVWaSRH,舒适性,0,
6p8glZ2iewsInqK4,舒适性,0,
AWsymeHLSU1f38tT,舒适性,0,
l94kJgMBpYoODyzQ,舒适性,0,
bVeAzdpgX7tFDlPI,舒适性,0,
lQ0N8fd4On7TzcsD,舒适性,0,
jhmIcH6LTxkGVE19,舒适性,0,
68jBJULyWclT9Pir,舒适性,0,
7prF9LJoixSgPQvM,舒适性,0,
Q4lp0HBNfTD2xYAv,舒适性,0,
M3Hqx1Un8ygzFTtl,舒适性,0,
cIevXAM5FRp14Nni,舒适性,0,
8jCcfemUlPaQFx67,舒适性,0,
ZqEa9wGAXNCDRoph,舒适性,0,
SHbyJ2RM9oi4ZtdD,舒适性,0,
vNgGz3Kfj1qCe92E,舒适性,0,
9eqiWkfr8HNR0xPo,舒适性,0,
sAtwDdFoc06XgaW9,舒适性,0,
23EJ8RwY9PcotslQ,舒适性,0,
oKdBRimU38Gjc9PJ,舒适性,0,
zsADXh4cYeUjEKSP,舒适性,0,
Q2LaKeht0Vvo1Rn6,舒适性,0,
hszDKcUSek9dyP5o,舒适性,0,
Mb7fevclI1UmTzo3,舒适性,0,
rgv1ykaC29JoQlcu,舒适性,0,
EKI7PjFs81Lc52uS,舒适性,0,
5b2XhIBYPOCfMzcu,舒适性,0,
n2Fm18vbEDIa53ys,舒适性,0,
Mq4oVg68SWFBz9i5,舒适性,0,
7hHUfbrVKp1aAFmN,舒适性,0,
qvD82LNTpMdsAXIe,舒适性,0,
sKPpYiV2bXWEjTLc,舒适性,0,
KaM0rQpCE7yLYgH2,舒适性,0,
g1qaKmR09LUXcp8B,舒适性,0,
OKVCfRJ8X9BwxaTv,舒适性,0,
tcPLeKdDrkYG1394,舒适性,0,
siYq5vrJBQzkuZPy,舒适性,0,
aLs9AwhZ85vgiRbx,舒适性,0,
UneE7iqV6mW5HlgP,舒适性,0,
8P6E32xNmKAebnOs,舒适性,0,
j2vcEXIrmkH9qs1J,舒适性,0,
CshiU6A13rR9dbPS,舒适性,0,
6JZHOqne2YW01FVz,舒适性,0,
kFo7T8n6wXICfc3d,舒适性,0,
4nAlYpJof87Nj1F3,舒适性,0,
v6iprjTLdctoJW3b,舒适性,0,
RF9YTAlbQU5CagdN,舒适性,0,
DYhuU8SPpywX2eN9,舒适性,0,
Aml1h4xUJt5u6bQ9,舒适性,0,
hcWAJdmC9avz7MU1,舒适性,0,
9Jt0O5d3s6wz1lkf,舒适性,0,
ZgEVkuFc0QNqpsYG,舒适性,0,
QRw7ngTJ2A5CYBGW,舒适性,0,
06vPIQBqVNe2dl3f,舒适性,0,
p0FUwsNPYQKl1HSg,舒适性,0,
BDoeHPlCiNVXEvrg,舒适性,0,
ARIng69ZHsY7DCN1,舒适性,0,
zPg9hyoViI8JUYw6,舒适性,0,
cBMxouh5FEnz36DI,舒适性,0,
Q6aR7udCFz4U5jrI,舒适性,0,
y3Oa1dcwCjlBsRPM,舒适性,0,
6ALsOa4BdUbFfGr7,舒适性,0,
e04NZMmVT1qLJXIu,舒适性,0,
9Lkxm8NewpuUVG2T,舒适性,0,
SEFvD0TOQgnlJsWK,舒适性,0,
S1WzLCPqeIT8sMmZ,舒适性,0,
MSn1hW8XCsGTkpxY,舒适性,0,
AC9siSxTEzyKrlaZ,舒适性,0,
5rBkYEyl1IU0TVhC,舒适性,0,
WZmFIHJLqT3O1BVk,舒适性,0,
x6mbO2rHfU3hTej4,舒适性,0,
8Hdtp2WE6nMf93YP,舒适性,0,
ELck8IARbwdpgvri,舒适性,0,
HfSMToNXhrwY3mlk,舒适性,0,
rM6sP4AXpCfNc7xR,舒适性,0,
14dQnL9lxMYeksH3,舒适性,0,
vdWmiISbRku1Cl3J,舒适性,0,
41UzNi5pMPDG7nhf,舒适性,0,
NAC6vpWtqaTQYXD8,舒适性,0,
HAVTYESJNfjlZ9iM,舒适性,0,
42VhMRSsCcn85kEd,舒适性,0,
Wf9T283SZphL6tQ4,舒适性,0,
D2HpBfqwoecTkhdS,舒适性,0,
NT3qf2R5XrGonlgk,舒适性,0,
dm1W2BIEyJ0Gsxp8,舒适性,0,
Mglj9pKWkY7Isixm,舒适性,0,
otT6DmhdEpx5Q74R,舒适性,0,
SclmZXYIUoBv478b,舒适性,0,
BZ4Ig9Gr7zQPM6Xt,舒适性,0,
FLxPweOVGBTmnoQE,舒适性,0,
H903fh4mU1dtQTiZ,舒适性,0,
g27EQ5F4bMjSp9qc,舒适性,0,
o9iwO8ChDBUTJ7YI,舒适性,0,
tka3Nq9TAR5BH7Ij,舒适性,0,
lswKvJMLT50iudoG,舒适性,0,
QG07en46S5qxWUud,舒适性,0,
u3gf4yJX5SNGmhIs,舒适性,0,
9firBmw7PNz0XQyE,舒适性,0,
bJ5L9HBuvqgPm3O2,舒适性,0,
HkGilbeypwMczdoQ,舒适性,0,
5jHabez9oxP4CY8O,舒适性,0,
eAfZWrs5b3UJP7Bl,舒适性,0,
ocOHDW3kGit6jpBm,舒适性,0,
xDOnv0fUogsFlkuC,舒适性,0,
gTd84yZ6R0VLaYSF,舒适性,0,
gsiR7FHy5YndmTXK,舒适性,0,
nhAC4mEYRazX9dJL,舒适性,0,
Mj9ZO61VWTefml7z,舒适性,0,
cdV1254iqHpAawt7,舒适性,0,
dRtVLIX4F60YvMbG,舒适性,0,
Na2ezFRWDrCGY571,舒适性,0,
s3U4wYnirNfeQ7o0,舒适性,0,
ZvSrjpV3oYxARtOq,舒适性,0,
j5dIzG0CvbFxlQgf,舒适性,0,
WXLA1peMJxl2RTQg,舒适性,0,
1YyTakcRLKS43CWs,舒适性,0,
N9CZ1kQdnrxPaqRs,舒适性,0,
zXPLFe5Sqvc06RuG,舒适性,0,
qpPHjUw7IMJNFSub,舒适性,0,
JlWDb4BCsTiN2Ie3,舒适性,0,
VocwTNU3JkR50mvI,舒适性,0,
O7j9h8MaymUvVAtT,舒适性,0,
wogvV9fYFN2uHxMa,舒适性,0,
S7uwyZiTsRWX6Nzh,舒适性,0,
CF781DrEqjJh5eHX,舒适性,0,
5TCU9c6I3esSFVx7,舒适性,0,
rsPHOp7WeK2uYgb6,舒适性,0,
N0MLJFXRIE3wVl9d,舒适性,0,
1WCAISQtuEdTZ7G5,舒适性,0,
KH853hdTJX2nWM71,舒适性,0,
a52KoCrScpnW8xlR,舒适性,0,
ikqn9SVU1dDFeYpb,舒适性,0,
EreqkWG8o357Htdh,舒适性,0,
UWDsRXma9t6FpxKo,舒适性,0,
oK8vTpZzAag7iCur,舒适性,0,
QqmEuP4l6sMTXASx,舒适性,0,
AdTjwHJso1K6Xcpa,舒适性,0,
qtW1wiyejr4zF3Hu,舒适性,0,
m6XbwZQn9D8hqOf3,舒适性,0,
gaoKxMwZOX7TQSbY,舒适性,0,
4PUWD5HkGZFdcYr6,舒适性,0,
j5dpvDJ80YWPSew3,舒适性,0,
4SDY29tXIivB6VLZ,舒适性,0,
x4fpOqR6sUiClheE,舒适性,0,
H6CfVzu4mLq0JkR7,舒适性,0,
jMWAIfyUN3sqTovd,舒适性,0,
tDN57PGxglB8WOdH,舒适性,0,
ZbGpiu1Q9vEkHaVJ,舒适性,0,
q8mnYHr6vAKoTOx9,舒适性,0,
W8dF6ujP3KemG7ac,舒适性,0,
vF1hy5Ple8XGEOVb,舒适性,0,
97fvXxIlWCbBYULt,舒适性,0,
guCoQmIawZqz374R,舒适性,0,
akAurTlP2oUxnzyv,舒适性,0,
8oeBjF7TwlPyLvcY,舒适性,0,
JDwFsuZQMy5mVRzp,舒适性,0,
TMYuydGFgJOWSsLx,舒适性,0,
yQhSYbRB7gu3Pma6,舒适性,0,
xQbOMh3lHYJNAWsv,舒适性,0,
bX2DFsLOUIMxQzCB,舒适性,0,
sdAoJBha65SUxfWM,舒适性,0,
dm6eXoIg9Df0nFaV,舒适性,0,
qopu4EsiAz9KU7MC,舒适性,0,
VuQntJTzsOL1ao0W,舒适性,0,
3GtNOfDcna4Mzk5i,舒适性,0,
T40PlF3fkStJdIx9,舒适性,0,
3s9NFKhCQk70Ti2E,舒适性,0,
aKoINhXEle3QS6zy,舒适性,0,
RjTnb0AcmBiaP2ky,舒适性,0,
p8SCmcxyB1aeOTYG,舒适性,0,
uPCDeFYmpcfRz1tQ,舒适性,0,
lkJziVEyecn7d5gh,舒适性,0,
xXQtrRW7UOwPCbEi,舒适性,0,
Dj6R3K2iLuEtUnWG,舒适性,0,
SOY2TGwFQi8Etknh,舒适性,0,
6x4Is30vB1laSHoN,舒适性,0,
ZAx5w2LSbkGdRMFQ,舒适性,0,
Z1kNWAOM9rYol0Ve,舒适性,0,
V3xslWKOyv9ILquX,舒适性,0,
7duqegOxLs2Vo8XW,舒适性,0,
Krp3Gzk2aNhHJ6R7,舒适性,0,
gnpKm9FPl4Y3OL8h,舒适性,0,
axPES1MA7I8BlcvO,舒适性,0,
qrM0TVRhAm18Q6uO,舒适性,0,
PXdW23e95gLOhBaf,舒适性,0,
TBy1z62utW8GcvIs,舒适性,0,
HWDQF5VOam2NR6rX,舒适性,0,
heEaPY3Z1upcSxyt,舒适性,0,
BgJk730pyovPubIr,舒适性,0,
sJlZXtVAdKeq0gha,舒适性,0,
bHtilDz4Yf8v7TmS,舒适性,0,
tpl0FmwfHdM13qZK,舒适性,0,
6oPvUG1VLyzSKxOM,舒适性,0,
YUG1zybnqjSDmZkJ,舒适性,0,
USrqtIMjsYzeRi4W,舒适性,0,
fwr9qOUYsxJK0ACm,舒适性,0,
Ht7R0SnZMEV1eD6Q,舒适性,0,
5uj6bGWhXVE2aceA,舒适性,0,
XfUjb9C4gzecudla,舒适性,0,
xsReYtP7VfJjdhSF,舒适性,0,
tHWyUYRxdGbqf753,舒适性,0,
6kCpDM1SoTf0jJPE,舒适性,0,
goKCk8Rb1pX9WMHm,舒适性,0,
8ijAZKYdwx5BXeEz,舒适性,0,
e3okWLYKjs9G72AC,舒适性,0,
jITzq8OdwA31Htxk,舒适性,0,
t6UAah74Glob2D0V,舒适性,0,
CmpW4Xv207JquMt1,舒适性,0,
4wZWbHCFdfML9KuG,舒适性,0,
WovLRxkSqwECfc8X,舒适性,0,
oX1pJ3yMtIaOcNWA,舒适性,0,
s3itxIAdrfum9pcW,舒适性,0,
pZwnM9mjutIRUkXs,舒适性,0,
92br5tQejaEywGWP,舒适性,0,
j32vz0EsGwWqnPyX,舒适性,0,
auH2N6r5nbFAiIpd,舒适性,0,
ZwRt05lCQKhTJvP1,舒适性,0,
h1EMXCOJgZmAU6Pz,舒适性,0,
9f1boRZ3OC74gtX0,舒适性,0,
fqWAnpjt7x4uRYCX,舒适性,0,
SpPEa8nQWH6hlFNu,舒适性,0,
f62Gp0gW98REZAuw,舒适性,0,
GNa1PiTpkvQS7Brl,舒适性,0,
PQ4aUyTilNXxORcY,舒适性,0,
yNG3vwVFWsjkRIMg,舒适性,0,
L2XqxsdSn46Iluap,舒适性,0,
5JBfIwshEo6tUk7K,舒适性,0,
CmIWFZpKzrEfqDVw,舒适性,0,
ZAPEkuB72jnC45lO,舒适性,0,
7RN83mKkVYUHsT5l,舒适性,0,
1NiFvMeJH0mGW3DL,舒适性,0,
54tGhC6PrfmegIA1,舒适性,0,
QAIbFNTvKfR5WiyD,舒适性,0,
74gkpaVmG8F5UCoy,舒适性,0,
yYV0rn5D2fNUwmIx,舒适性,0,
NqFnG0WxBMp51tea,舒适性,0,
JSysamBMxUlE3w4d,舒适性,0,
XyZf0bjvpHk8OM9i,舒适性,0,
k41e9Px3UihCG0mp,舒适性,0,
SCZnbgBQITP40LoU,舒适性,0,
SMJC8lbAtwDmHQr9,舒适性,0,
ig1CYQufD2BrU3WO,舒适性,0,
qLpTto5K4MyNFBaZ,舒适性,0,
HkaSb1yPMxmniAOl,舒适性,0,
m6Y1uZiXQ0Stj9RH,舒适性,0,
EmMhBLe53vG2rsxn,舒适性,0,
C2izVwpOYvM9JjDt,舒适性,0,
Mb7Zz60NWyakEcQ4,舒适性,0,
HEORumQAIFNMzDd5,舒适性,0,
gpHn7KrjRx4Di3LG,舒适性,0,
7RWHqS9pfuaFsxM3,舒适性,0,
pgUqmf15zBdHi4Et,舒适性,0,
CkpXzGLZSt6YiRJ3,舒适性,0,
c24Lb3hwHmUN6xFu,舒适性,0,
PAZY0lb9LHWEVGfJ,舒适性,0,
hVKzEGBZYareFNQx,舒适性,0,
xipCKcrkQZHUS2W5,舒适性,0,
on3Flj4VIavWHbCX,舒适性,0,
pXEC2P7BzGYmUxiy,舒适性,0,
EWYyMFKH31x5GleP,舒适性,0,
uk17vcMZBn62Nhie,舒适性,0,
NQZHaLmIEezTJ4RM,舒适性,0,
co5nyPfVM90BZkDA,舒适性,0,
u9cyYrfEjDaT84UH,舒适性,0,
gJBbLW7NHT8iOnpx,舒适性,0,
jZRuDrH5O2XG16Ac,舒适性,0,
flA3kPNCHaVpheZo,舒适性,0,
Ktq3p75AxoNGWCwn,舒适性,0,
GsF02l9KgVvqJhn6,舒适性,0,
otQSEuPxej9lZnRI,舒适性,0,
nO5xei9AWYfENbR4,舒适性,0,
CLvyj8XoId23B9nH,舒适性,0,
tPHVDaFl6JZX3QOT,舒适性,0,
l4GZ17PmtNV925Ti,舒适性,0,
6GjoJk7wyDZVFQ3C,舒适性,0,
bnJs8fFTetghcwOu,舒适性,0,
oxfEewZ2OpLTQHCk,舒适性,0,
rMGqhFUk2caWpL07,舒适性,0,
4aUn8IJ1to3uCeT6,舒适性,0,
khucIwyDv2Jir5LF,舒适性,0,
3jSw0GWRJQ9BXoyt,舒适性,0,
9MZEmklAn4bBRHwc,舒适性,0,
A3fB0LW9sSgyZx8e,舒适性,0,
5vHgNbhRuU7IEK0W,舒适性,0,
0gTQCnKUoP9zv5mS,舒适性,0,
YdwaSTE8ltUiZHDM,舒适性,0,
ov2mM3EU7uH9A65Q,舒适性,0,
HwhtEmxKsTj1aCIP,舒适性,0,
h6TQ97vDpJG3kHoS,舒适性,0,
cVlv8HZPjB6m4y75,舒适性,0,
4WOkTuMarEPw5fo7,舒适性,0,
XcTm3FlvduPys08h,舒适性,0,
kjXVLom64WiMuQwK,舒适性,0,
e2ATqS3JlL7ob1zy,舒适性,0,
SodBsCOQX81g9npP,舒适性,0,
BcEzqdb6HlyGae17,舒适性,0,
nPKxqrigWs2zo3AB,舒适性,0,
oPmtKcq25v7i1WBL,舒适性,0,
BtKIWmdH0Zlk6jNX,舒适性,0,
DWCAvrcNBPwxZFpI,舒适性,0,
BxtTSEmRsLWMFvI5,舒适性,0,
cWPZhVkyJmlqIxpK,舒适性,0,
7CHjv8VgkXozbhEa,舒适性,0,
x3cetT4bV1iw5EDR,舒适性,0,
Evg7IudDBGn42btA,舒适性,0,
iqfN9xbm4kestrQn,舒适性,0,
oWMCgrBjRVFU0mKN,舒适性,0,
gC1Viv9aXJSpjnRU,舒适性,0,
esnKxNyH6YRCvplI,舒适性,0,
XJRznHOEuCaLZ3Vy,舒适性,0,
NvQXnEqaGgiZcRzh,舒适性,0,
RP7kyNVaSbjedXzn,舒适性,0,
2P7XFg6CqrktpmTo,舒适性,0,
RBY2ermiwKvUZu3J,舒适性,0,
bxH8MZCi09LpoRNQ,舒适性,0,
dbY6SqBE9UiItGka,舒适性,0,
GSkEx7rjYUKCvPB0,舒适性,0,
2mpYHKbezMT4aRD1,舒适性,0,
zQ9gsJmFyPX64YMA,舒适性,0,
9dEcZPq2Vb0rfupR,舒适性,0,
kP3rhzZJTtsldbUR,舒适性,0,
aR76ShpmzdBZiFt9,舒适性,0,
gEiv0n4qTj1MPUuF,舒适性,0,
5lFRLkuUODQ6wJES,舒适性,0,
JgOyYlvReIxEoCGU,舒适性,0,
vZJH7btSIYN6jkXC,舒适性,0,
FjfwQc9OmzDuVA0p,舒适性,0,
NvnHL1P70qZxFfbr,舒适性,0,
PIa7mWRdnD4Y1SAt,舒适性,0,
JUISr7g514Y8VEoj,舒适性,0,
yC3afKYxGScuBvmE,舒适性,0,
23dl14boAyWkLuOr,舒适性,0,
wutzFdCyRmBVZUPf,舒适性,0,
nEV4Xq8QmFIWDsSf,舒适性,0,
XdaQmi2cAYqHENIx,舒适性,0,
sa0dj6BixK8QJOpb,舒适性,0,
plOukMgewSH5dDXU,舒适性,0,
C3XZHxoPsjNYBdun,舒适性,0,
zDwITtMRVu10sqey,舒适性,0,
wpEQ0ZFLoJtVBiN5,舒适性,0,
tNGBT56AL3kcJy1g,舒适性,0,
HmYrcn0IFNevJ7kK,舒适性,0,
juCpqT3UcFW1o06G,舒适性,0,
qi9FRgkn70yJhV8d,舒适性,0,
NjgqTBvlH68mWId2,舒适性,0,
FnxNHYEG7VKrLpjO,舒适性,0,
FolwpA0yfQLrZEiH,舒适性,0,
C0iG5Nud48OmX2Pk,舒适性,0,
DamKXCFiZHT37BGO,舒适性,0,
RjfU4HnaO0KSzlpC,舒适性,0,
E3NbgOkJ9tlinSDp,舒适性,0,
C1jK43ImNPsUTYuf,舒适性,0,
m4Ps7aIlUHdNQ96D,舒适性,0,
WaPyGLwQE0izcMd1,舒适性,0,
uHMWwOS43IQ0fK96,舒适性,0,
FHdO4pZhf95D8bzi,舒适性,0,
T6UWGk0OZmbgE9xL,舒适性,0,
gn3HYMKi4GkDQT0U,舒适性,0,
QLfuikY4NcvKZjW6,舒适性,0,
9OS84ZmRFWL6nu17,舒适性,0,
pgfSJHQPcouasvLX,舒适性,0,
i8yeJ1PhSDWQntf6,舒适性,0,
u6GAPLMJ0Z17jpcK,舒适性,0,
iPvq0uXhLj4zp6V1,舒适性,0,
6veUACrcbaDWgSPq,舒适性,0,
wIhbC0s3jmGKW8at,舒适性,0,
2WAtqCpk3EHsYNLG,舒适性,0,
qSoKXCQmPf6v3aEA,舒适性,0,
FZmN0vrUKYuVsDtl,舒适性,0,
LaG0oqHdbXiuc567,舒适性,0,
CTatqAVoBvLW4GbM,舒适性,0,
Lxkirv1mpWqPR4SD,舒适性,0,
Ia2LrtOkdXybueES,舒适性,0,
MvTeRyIP3bDq89Za,舒适性,0,
ECRjsnbiIY74PpDO,舒适性,0,
5vIQZ276cW9nhlUs,舒适性,0,
AzyW4NBUETH7vbgP,舒适性,0,
YzigLBmP9naDrOkd,舒适性,0,
MLKIN0SUHq5v8zYW,舒适性,0,
gt9voj04c3eQlOHs,舒适性,0,
wDxEtaUH3zLoPAI2,舒适性,0,
OBd3i7fxTRQSL81h,舒适性,0,
cD9s48BbWiwykgU3,舒适性,0,
4IONEgTitCLGye9Z,舒适性,0,
OSwysxEp1KTU4ZGV,舒适性,0,
KY8LH4SCnWqD5d7j,舒适性,0,
meNdXs32PROBrfkH,舒适性,0,
k05bFn6OEedjq9vH,舒适性,0,
YUkilVqunSyWdFAJ,舒适性,0,
nmldu0FiyIZS9Tj3,舒适性,0,
Evce8rR6PZIXdsyF,舒适性,0,
JQacu8hBCoZjdsPX,舒适性,0,
o5G7A3ZwMImPHbnL,舒适性,0,
xjSBDmyXaifbcCKA,舒适性,0,
WL6HsMEi3kNXjbwQ,舒适性,0,
6hfTwBpMCeHUqbux,舒适性,0,
dXJM8HgpAFsGOnWU,舒适性,0,
87qamroLVRjO2T5B,舒适性,0,
Yry8UHfBKa0jsEJD,舒适性,0,
FVsOCzBcxbwJh2T8,舒适性,0,
mjA8z56SRBw1nhp7,舒适性,0,
aERCNQcw9WPjtSTb,舒适性,0,
zOgYypuoj3DnHqdK,舒适性,0,
7el5K1ChiVGLaDyJ,舒适性,0,
kb4dKYRZEAnFToIQ,舒适性,0,
iVy9LYUc8HeQ0sdF,舒适性,0,
UAecLQb5yPFEoSuj,舒适性,0,
yYc8UX9WwPen0FbI,舒适性,0,
6BaeLJtDuKXYQgb7,舒适性,0,
wB1jPZH8753R4lJk,舒适性,0,
p9uHKcz3FYlBmieC,舒适性,0,
fRC3VjrYoL2OFZNz,舒适性,0,
X7lts6RbF4eO2LhN,舒适性,0,
3W9IVfP4BuTlv6Fa,舒适性,0,
gAvGSLtTWClK360I,舒适性,0,
FXbmRq815WQnuSeO,舒适性,0,
lT1uLWgaswAOUjdk,舒适性,0,
JuzNxctnG7QbFKso,舒适性,0,
m6FcX2ICDUNGRqnw,舒适性,0,
9IGP8J5XtxWnjBlo,舒适性,0,
Sv7PqgH5IRpQst3W,舒适性,0,
bEKPlxQCA4pcwHNU,舒适性,0,
KYyblSApEOBWR0eL,舒适性,0,
faUv4IeOMgAJD7NE,舒适性,0,
bj6H0Og3DuUkYyim,舒适性,0,
09hwsk7P5cvaVKXg,舒适性,0,
pLKVyHlB9n6Yr4XC,舒适性,0,
TZORfDtCeIb9KJwE,舒适性,0,
KAGgiNr3WmDIoyeJ,舒适性,0,
vD9VeG2iBSbuR4FY,舒适性,0,
lZdp0QNELeyfo8Di,舒适性,0,
FaoyPdLRkElUgb15,舒适性,0,
KEOIiakFoBJr2dRp,舒适性,0,
6e4AszdSm1Bwy5MV,舒适性,0,
mebpq27hozx0Hv4a,舒适性,0,
6yzHFPa2VT09plQj,舒适性,0,
KvLw6eoZ4FjzdYIN,舒适性,0,
O9lkmGTDUgPqoF4i,舒适性,0,
sentDHB4yQAGR5qd,舒适性,0,
9v7qXWnwuIgKDBER,舒适性,0,
b6KteS4iBquJc0FW,舒适性,0,
Uin59f1Ar6ELcmZu,舒适性,0,
MR0mcoHQrWXFqJAU,舒适性,0,
QvF7YN3B0UdfjpLT,舒适性,0,
w587hbgUGyIAJCcF,舒适性,0,
UPKih1JczNOf3YdR,舒适性,0,
qRO9TKYzdVfuFtvw,舒适性,0,
XVWc7EHDPM3BNhqi,舒适性,0,
pXrRtj4S6EHLeuGJ,舒适性,0,
OoMbuNVpZ6IUhXLC,舒适性,0,
nu5x4Ke1zQvAWrLw,舒适性,0,
9ldhWyQnDV3Bpr4J,舒适性,0,
g0fZRwv1tWXLloUr,舒适性,0,
g3b9aYo1wISymRn8,舒适性,0,
SDzAtskNR2rebiu3,舒适性,0,
IdusAw5VFOpLztJ4,舒适性,0,
LAxDmybokc5IijXh,舒适性,0,
EDjrVy06wW1QKsCn,舒适性,0,
OxIomfCngcuTyaEG,舒适性,0,
z8GLtQDSY7ewo2Rx,舒适性,0,
zfY1mTl6IdCeN5oW,舒适性,0,
Ws8FLlqgJdvjmpkf,舒适性,0,
qprZFwPWEnxV7mUQ,舒适性,0,
CYXkDtqioJyxbGHZ,舒适性,0,
yYz7M2WaHrZgXhuc,舒适性,0,
IoC4kMGmBzZLvabl,舒适性,0,
qNCMRgG1xvrysUTL,舒适性,0,
gCVavlsY0mF25dzR,舒适性,0,
GflobpT9ijXwOdUe,舒适性,0,
cSMj9dkghvyolA8E,舒适性,0,
ZXJDu2QoKyFcantL,舒适性,0,
1BwODEj0vsXiWGTP,舒适性,0,
usM75JBUIWXqh81Z,舒适性,0,
ansHJQfY3d9RANEc,舒适性,0,
5ORFufGL1gJqPXcb,舒适性,0,
uj70WQBqvYT6wo9R,舒适性,0,
BnYHIo1OSfQNDwKE,舒适性,0,
WmHgCXdOIslED5NQ,舒适性,0,
rIka0x2W9MlpPw6V,舒适性,0,
BNtFyKUzcO4P9SVe,舒适性,0,
H2isRZMPX9C5bxkF,舒适性,0,
ELdjWvrgNzpR5shX,舒适性,0,
DSPzKeLH0uhMtqbj,舒适性,0,
kH1Uj3GozYiqpt2E,舒适性,0,
drjKsNTnk4mWUP8t,舒适性,0,
iqkfESIHX5hjN1B0,舒适性,0,
7fe5siYPBWZADda8,舒适性,0,
f6as9xEbvIQi75WS,舒适性,0,
21BHMtZ3lbmzvYWI,舒适性,0,
2vSQnRuZdGO1MFUi,舒适性,0,
utZCnePpvXOERx5L,舒适性,0,
J604wB2pgGfuDicQ,舒适性,0,
vgkYQtw06TsAENDU,舒适性,0,
7OBdlZ6YKp95SVGH,舒适性,0,
Qykdt2N3oGAhrgOb,舒适性,0,
DV9qcNmIg8O1vFHY,舒适性,0,
jBqdNvYz46f9SiUA,舒适性,0,
CiKS6BEcV9txNe8F,舒适性,0,
SNZAupTeyE8f3DOa,舒适性,0,
aWVobSZ95j2gydMQ,舒适性,0,
cXPlC8xS9NBoZmvI,舒适性,0,
HPR0bSL3CZhuXiNF,舒适性,0,
92GLtM6NPu0CQlbq,舒适性,0,
AdicesC0Y81JQSt5,舒适性,0,
d9Yo1whB5EkNLPJZ,舒适性,0,
u6Y8DSB7nZWlgJNv,舒适性,0,
TcW1r3peXbjy7mEd,舒适性,0,
jFysDmnNYI1RK9A5,舒适性,0,
uzHYh189ySlcvQtL,舒适性,0,
MdDwt4EsZpWoHKg7,舒适性,0,
t6nfBVjDOw9vxmqr,舒适性,0,
7vM2TIJH9Qbe5qcN,舒适性,0,
ElD4L916Kqu3foVT,舒适性,0,
H6rOgMiWeovFyYQD,舒适性,0,
X9tW1vklqjHU20yp,舒适性,0,
ZMD2lEGc1F5uvbKY,舒适性,0,
bvYTCJoyWRrFdIOe,舒适性,0,
M2CRIPTD9b5Gcmds,舒适性,0,
4E9Ahb80ecm1LMUQ,舒适性,0,
wDhOp9q0JeCAod2G,舒适性,0,
W67mPuqewJ9aMc5b,舒适性,0,
h8s3jBtw1NgiF6DI,舒适性,0,
nmVxt4Tyv9CJW7ag,舒适性,0,
1aYrZnCMKBoX3s4E,舒适性,0,
7ieCQ419O6jBvbWk,舒适性,0,
lMSvUoJmbs5aOAr4,舒适性,0,
bV7YdEhL4BQaCprz,舒适性,0,
BevXWnqDitsjJQhY,舒适性,0,
8tWqrNif2d1vn3yc,舒适性,0,
jH26yO7biuw3Vgk4,舒适性,0,
fJdn62OWukaoe4mM,舒适性,0,
W2LdbRay0vZTi5Pz,舒适性,0,
oLOFZx6IuyH9CAEB,舒适性,0,
S9nuf83qIRJ0C16c,舒适性,0,
Kj9XGruNPEwWDRiT,舒适性,0,
X5fKCPbQla9MGyO6,舒适性,0,
LzMP3x6NiRIhn1J4,舒适性,0,
qjNEdkwbV26fczBn,舒适性,0,
EFGwePH45xyBWUcb,舒适性,0,
Bf2kUCiYsx8zVuKZ,舒适性,0,
zCKD3i8kc2svrQSW,舒适性,0,
UbCTsEBa7D4loFLf,舒适性,0,
96lEufPqmH10BpoO,舒适性,0,
UuaVhwncR36Aoqkd,舒适性,0,
pQmLUbXGln3RJjxE,舒适性,0,
lByQnzOS3A7f0ZPu,舒适性,0,
Qs2XdNyZezG5qDm0,舒适性,0,
oAMV9ZCFlh5IizHD,舒适性,0,
cKxH2Pd8M3JQD7ja,舒适性,0,
fVTD5JUWYQe3R2w9,舒适性,0,
TF1dEg2cpsnyC9N8,舒适性,0,
yiRPIe8JqXH2opuB,舒适性,0,
7Trbp0cZ4wfnJdxj,舒适性,0,
ypgtWM4Ks3ZR2BdN,舒适性,0,
BC5xyqD04oWeYRbl,舒适性,0,
pJUOMHKviuEI4bSG,舒适性,0,
5cq2rLbojOuFiMZS,舒适性,0,
RCEkxf7X04bpOIwa,舒适性,0,
tfIs4yCeYoFlBP3K,舒适性,0,
7n31fAPQvzuZDE9q,舒适性,0,
UPAlpjdvTWcIXMVt,舒适性,0,
CzcmFPdZspvxhn15,舒适性,0,
4NjVBL3t7FWqgPJX,舒适性,0,
K1T0Cn5cNdOzEbpm,舒适性,0,
iW9kR0Uf7h1ENxKa,舒适性,0,
dVpfHBG9yDblOAE4,舒适性,0,
I5yzgdLlFQDfnRpC,舒适性,0,
X8JCHV1snwA9LpES,舒适性,0,
HsIpqzCDF5cA39PZ,舒适性,0,
QstBTHJ6o7UXY9vy,舒适性,0,
rjDtVbpdoYgfmnTQ,舒适性,0,
nZ56RpHemMzEYCVd,舒适性,0,
zalAOVtiG1Upe8Jk,舒适性,0,
8SLQhgEHsDZiY0G3,舒适性,0,
JcbGvKkp0oIltRCA,舒适性,0,
tKvrRDxVkGFci1WC,舒适性,0,
Qi3VU1KWJEP8egYC,舒适性,0,
r4ph3Ad7ukP8nJRT,舒适性,0,
9yHswJVzLYWBv7DF,舒适性,0,
jlJM5YCSrXygxOpD,舒适性,0,
rbjBk0wUl2FKa4hi,舒适性,0,
hS3dVHQLOcKrPkBy,舒适性,0,
eFzO9ogbIJZ3EwYR,舒适性,0,
Jz6Vt38OHGymb9M2,舒适性,0,
VqT6oaI7dRkEsvJh,舒适性,0,
qy54altSUH6NnjzI,舒适性,0,
uQRGFCrTxONUekwd,舒适性,0,
xbHDrupSlPEoGLQ1,舒适性,0,
L9tO1jeGMzmZUx0J,舒适性,0,
gyXcsSC2eHJ0GdTo,舒适性,0,
UzlawP67YSAO1HWD,舒适性,0,
JQ6CTFYDoSihxXWr,舒适性,0,
LdSU9FJKYkja2pwn,舒适性,0,
rC9gjVLbJeKUt8Zv,舒适性,0,
hTmRLDS3H610WEGJ,舒适性,0,
LobyXDu3GfzvTO6i,舒适性,0,
Sow4k2ylRDgvFm3f,舒适性,0,
dTsLzOxYeA8yNCBh,舒适性,0,
Zz9IUVhrQgJqeGv7,舒适性,0,
YSeEn5CvJ1FkgoQh,舒适性,0,
ZVTLb5YBRHwAs4qh,舒适性,0,
6jce4mRanQMGoE9b,舒适性,0,
dEQ2H6yVaAh7P5j8,舒适性,0,
eiR0Iy3lLo8JEYgd,舒适性,0,
S1hHF3MijXWIbzwt,舒适性,0,
6i0Rzsv4pVEHkXM9,舒适性,0,
VJuCFZrUz5RapBgX,舒适性,0,
XKjTBw5OP89DQLvF,舒适性,0,
hScziZFfO71Gb02l,舒适性,0,
KYaEbkqyUBA4Dtou,舒适性,0,
wGXiACrD3ymLkBR0,舒适性,0,
6OdjnoPyKUQaDv31,舒适性,0,
xfLZk8MAbU6OQYVp,舒适性,0,
f0nyPXhJAbr3ZxVD,舒适性,0,
Wguopj3ZQzSH6Bx9,舒适性,0,
EYSxnr1eUpbQwLuA,舒适性,0,
7ADnOoqHVgKSbLuR,舒适性,0,
1yjVZfueAY5JPlhK,舒适性,0,
SVDsGBzTyR7geUJZ,舒适性,0,
i24bgYQmtysxEKz9,舒适性,0,
uNQz1OtKm2qviDR6,舒适性,0,
Gi3vb2Ha0zCoTk75,舒适性,0,
kvluCRfjq3GIhLaH,舒适性,0,
QPt1bTO5yKpD8Hx6,舒适性,0,
Z0SpD3Pvtoj6x1le,舒适性,0,
KsAywUF0QmbhYG7j,舒适性,0,
bEf1ZICFYTW97Lr6,舒适性,0,
IUOaATJujgxtLpsw,舒适性,0,
ocn2sERkmjqQXu4a,舒适性,0,
SrzCwMmb23Uf7PKg,舒适性,0,
PSZohVxMmTkD821t,舒适性,0,
QKl2ZEa7RoO1D5gx,舒适性,0,
MdWhZP1Uj4xYNL5b,舒适性,0,
2u0Jcw8TEns6KlQp,舒适性,0,
uziQ92KcdPaOLAjw,舒适性,0,
UR7s1tVcHXWNTZhy,舒适性,0,
PkoMaELQGUmgFwT4,舒适性,0,
aExKDj9fJ3uMWRAh,舒适性,0,
mvkRl7asobxzLMyG,舒适性,0,
OP3A1vDpTWIV4QR5,舒适性,0,
fl2Goc9ZTbimrqgY,舒适性,0,
TfQUE3IXugtVsHFN,舒适性,0,
SNJBxVqDgp9vAKTr,舒适性,0,
sgIYzSvnFhjBVPmN,舒适性,0,
qRL2WfeDsHiExTJV,舒适性,0,
EZmH5rdOcFoyK2UG,舒适性,0,
ilVBrAke3EZMUyPt,舒适性,0,
R9X0n8kExU7IDWC4,舒适性,0,
WxEeKpSHrmBI7Clj,舒适性,0,
JeE3SgAtsuXwRzW8,舒适性,0,
snz2FbtveQmiBkSw,舒适性,0,
rYhGEQicpHP8tZj2,舒适性,0,
znAvgJaTW4M0BfmG,舒适性,0,
D925FbmgOYIfyoAv,舒适性,0,
YmJvLaRo2IEViHA9,舒适性,0,
4yL7D9NefqodO8FB,舒适性,0,
J0bUnY4IPvZ1oaCt,舒适性,0,
p2DgM5uoHAT9XPki,舒适性,0,
aU5RcOCxXFNZ3tvJ,舒适性,0,
zlWsZHG3KjfiUSDb,舒适性,0,
3Cw8jkALXivOMqfx,舒适性,0,
wRzlYSopnT8tHMmP,舒适性,0,
T1UXBuIpaJxt2Rkh,舒适性,0,
UdaiYykEnSQ4txcL,舒适性,0,
WYy2vQpGH3eAhtrz,舒适性,0,
9fqL8bdKWXJcThNu,舒适性,0,
4oye1CWiz3OBaKTl,舒适性,0,
lC9WBmsbinDwXrPe,舒适性,0,
QrHi1I9AM75BdZcu,舒适性,0,
f9xNeIHwOLTAls2W,舒适性,0,
gzYnU9GOx2B3TFla,舒适性,0,
s27vTZQLJUfh5mkA,舒适性,0,
iUbCNmvynucYRj5X,舒适性,0,
2UBZ7gjF0de9SRWc,舒适性,0,
BOd0oJ6g1hTnkKuL,舒适性,0,
RZmu9FkdT04Vpx85,舒适性,0,
CB8xX6FdUeSJia1c,舒适性,0,
JjiHAduZ3KN1vBmE,舒适性,0,
cSAgX960KizLGv1e,舒适性,0,
wKQIg3OYrmpie2nT,舒适性,0,
ldP5hcgTAKWfBbGJ,舒适性,0,
xUHl0LQJ9usiCwcV,舒适性,0,
B4xdCgYTVyvurDUj,舒适性,0,
ZltvGnA5m13WLTKg,舒适性,0,
3p07am26KFC89NBM,舒适性,0,
EXSrYLdzcQvjyT74,舒适性,0,
m9clDQRHJEe7BVjd,舒适性,0,
K5J3VMGmEbHty2ZN,舒适性,0,
4SNleaZoPbsivAJE,舒适性,0,
0lDiXVGqkezETMvb,舒适性,0,
H93sL4ngdmJGtARS,舒适性,0,
BnCoOXjLN9GAduti,舒适性,0,
4qUJbHaBIm5jXeuV,舒适性,0,
xBDNvMtL8ZQbg4IU,舒适性,0,
uA95avdpWL3YmUGf,舒适性,0,
NeHxKWiUoZbQD9rl,舒适性,0,
mxRIU03nkN7QSbKj,舒适性,0,
SW2KCuFyexEhYBVN,舒适性,0,
U3QFHRfOXGTYw8Im,舒适性,0,
tHD0xImBS5ZLh6nU,舒适性,0,
LC9Fk6UJfY2157va,舒适性,0,
4Gu5FCl1ypm3MYjh,舒适性,0,
8pJX65eRkD7rd9cW,舒适性,0,
kGBvJTFlncWIX10z,舒适性,0,
zORsTibanUPKqA7h,舒适性,0,
TmUA689Qhy3qnEVI,舒适性,0,
FATNSQnbGueDtVOf,舒适性,0,
xHGBLXJ46qubCzYA,舒适性,0,
zy2ZLBUmdKwXcE3x,舒适性,0,
nJlaY3rVAPydU597,舒适性,0,
he7O3saXxQzl8MqH,舒适性,0,
SDKT7uqyZBLV5cMt,舒适性,0,
UjvyLAzGgJIRDbla,舒适性,0,
b1UBLNhDWS7mQgJx,舒适性,0,
JoXT2sebKRifZnN5,舒适性,0,
gKNIduqReyQ5SlGA,舒适性,0,
td5LqgfD2sWUjPTY,舒适性,0,
msfUBPLAMIHYVkKZ,舒适性,0,
LkZGyAF8qdNfuQBt,舒适性,0,
rvsFY9xykTh4UR3P,舒适性,0,
iJj0sV7WDoPpxC3B,舒适性,0,
fxc5HJd6vlU2n3wV,舒适性,0,
PL4QzxNe8wsGYd2t,舒适性,0,
nX561cF9aYChtfsA,舒适性,0,
fjtVdyKrDesmcGv5,舒适性,0,
DcgBNjtiLyvfmbwT,舒适性,0,
hY4bE1WceJXvfxkM,舒适性,0,
bMZLdocNjy9zhtUV,舒适性,0,
HqdWmhoDNjFyMVBY,舒适性,0,
dc6lm3E98HUX1BqT,舒适性,0,
Z4z0htmdXfHnEub9,舒适性,0,
6vaKfrw5bUSeOdDX,舒适性,0,
we7MboXtYGQCuByK,舒适性,0,
IBnweMx4ygGZObjJ,舒适性,0,
fAjQZhGbsIdPxlN3,舒适性,0,
5sC9Gq4L713vcpWt,舒适性,0,
Y52oLvaXJ4NfTiHp,舒适性,0,
hkoHX79LspCBglwO,舒适性,0,
29zOhgdxb5Ry3irG,舒适性,0,
oEw5Vt6lpeX2Adg9,舒适性,0,
I5AGQL3jOYwUkbte,舒适性,0,
JZcztNaO7jxwLlYG,舒适性,0,
Jma4BfpWTSwk6x2U,舒适性,0,
zwP3YJrWTxNnv9F0,舒适性,0,
cYPmsrJMOa4nlDou,舒适性,0,
ZqIDRvrB8fwCNXu9,舒适性,0,
fDUYhMEs9wBW1o3L,舒适性,0,
kJ3zZl2fvH1sO5SQ,舒适性,0,
bdqIDluG5kZ8yB0E,舒适性,0,
hRdiWSO5TFyoEteD,舒适性,0,
trkwUxXBOTW8scKv,舒适性,0,
NYcdrFwQitb953fo,舒适性,0,
kXqR9l7vUaWsmrVT,舒适性,0,
MrigDFAYRsEfINkq,舒适性,0,
CtOKSDwIzyrehEci,舒适性,0,
YBVgolr0QpKSHtjM,舒适性,0,
3IXzVv7KpRC2tdQS,舒适性,0,
oUS5x2RH6YKb9rOZ,舒适性,0,
i8hcmETg5CBa02Sj,舒适性,0,
5USD0pfeCldLT79m,舒适性,0,
pt5BcYLVWrAXq0GO,舒适性,0,
uRXVYHAPQ2c6xMCO,舒适性,0,
056sXLUenx1pItMv,舒适性,0,
LlYeGpEUvji8yc67,舒适性,0,
3pjICsZE4KXyHYA8,舒适性,0,
7XMHcBdeo0nKRNrE,舒适性,0,
PRzBNSQ0WvlJXjcG,舒适性,0,
cRefvwSOFjd2pMCl,舒适性,0,
0VapY68qAvofEUgt,舒适性,0,
X3zZC0KfxVIMON5k,舒适性,0,
QHrK5zZkTX4wWude,舒适性,0,
WNhHv91fmt6OaSp5,舒适性,0,
Mgw1hyc7iC9AXGn5,舒适性,0,
0FhVawIBEuy3rkZt,舒适性,0,
kbBPiGVeguLMQn4c,舒适性,0,
EWSFin1l7JCw0yOb,舒适性,0,
KDk7SlN9q1BcFa2u,舒适性,0,
R6XfcNGFio7Sq9VA,舒适性,0,
4EUXhTtA5Il0DPGY,舒适性,0,
pwiRFTLHz7r5JNWu,舒适性,0,
SR6Q1IwTKUtVFb4p,舒适性,0,
QgBLtMbjoW5zqFwV,舒适性,0,
PlcNETm3FtzryiJf,舒适性,0,
N9h6FfCaZiQImWgE,舒适性,0,
BFObiKUfX40r7uka,舒适性,0,
KgHo2XNmz59SLbPI,舒适性,0,
BLpnDEK2MgYWqFhR,舒适性,0,
mfvyRCK1dM4qtHBo,舒适性,0,
S9bdvzojeuU1VILW,舒适性,0,
hcapYTBox42WsSZI,舒适性,0,
krfRF6zIw8uNjZhx,舒适性,0,
SlMeUu5ivcAJqVX0,舒适性,0,
MvwkAXbiFdxrq4U8,舒适性,0,
lIZrYjg4U7aBOzwx,舒适性,0,
NGyshKCTUfntF4E2,舒适性,0,
4Kd9bsYSFvMipwWy,舒适性,0,
9y47pHYWnBKmqSjb,舒适性,0,
0UFPpKZAuO58jTk1,舒适性,0,
DZLR0tNlrT1u4fjs,舒适性,0,
p8KlrEFaMN7kw49d,舒适性,0,
tI35NaPYw98BOrWi,舒适性,0,
OJAalMdiGVwc68Tk,舒适性,0,
SNAizMQGUJCYBntZ,舒适性,0,
7ie4ysZjXJ5VUDuM,舒适性,0,
oXH1rCKNQeuSzRaF,舒适性,0,
CIUjik9uDBxWScgt,舒适性,0,
Bdw4SNHzOleoPqWj,舒适性,0,
DHMPwZAtEV1mJXhT,舒适性,0,
v3S6zNeBut2g75KJ,舒适性,0,
o7xQ3LOfbgdekw2a,舒适性,0,
65t8T14jmI3BnKED,舒适性,0,
et5VZWzFxImKYRvj,舒适性,0,
VDXmqcPTKF7dtenW,舒适性,0,
10jN9LtICWPOEuhn,舒适性,0,
uyRJHd68iBMel7cD,舒适性,0,
XHMZeUz9uVfik7rA,舒适性,0,
E4F8RcQVtDWxpUiC,舒适性,0,
G1tPfoMLxbkemFuZ,舒适性,0,
Hki2n0YSZBA8hdpg,舒适性,0,
lZIUTWFehBJpPEkX,舒适性,0,
KgqCX6eQjJl3TmPL,舒适性,0,
DJtXGd9TIj7oHZhi,舒适性,0,
CGHU6PwzZKXduLVI,舒适性,0,
9BFHXUj4RpgNcY3r,舒适性,0,
hutUELR95IlV0v2i,舒适性,0,
ctUe4yWAIlrhO65L,舒适性,0,
svpaOCbPeKwWtxud,舒适性,0,
D5M0H8WsjaVqOKSl,舒适性,0,
aqUdpHDzb3NFy0m9,舒适性,0,
CvMqpTIEmWroJfd3,舒适性,0,
JXZdzFwTgAECRc2l,舒适性,0,
SQZWNRE3eVJkjPf7,舒适性,0,
2ie4Fb7PBfK8TH5Z,舒适性,0,
ORvSEao5Dd2JLYAl,舒适性,0,
kncumDHfKpPT8bAQ,舒适性,0,
2zF6AfHu5GoP0nSD,舒适性,0,
yWkSsMKfi7qExwbR,舒适性,0,
ElJts2TzVubrW8f1,舒适性,0,
3iJr9qLspWNb01ku,舒适性,0,
inNDaCQcu5W0xKSv,舒适性,0,
yuMwv8A4I7NPOcJD,舒适性,0,
jTa6KoI1ymA2HekJ,舒适性,0,
cJYGbOXIMWZxCw5U,舒适性,0,
QcaG9HgAwBmpuiZF,舒适性,0,
2vQZt3cUpPxq1aFb,舒适性,0,
geMLRpxqT4jAJC39,舒适性,0,
kfXRn2sNyMrh8m13,舒适性,0,
TaxO205pDtulHG9i,舒适性,0,
nlGLBRifpHU7KAFy,舒适性,0,
1QDHtwCLTPKxBFyV,舒适性,0,
O107RbQH8FIEdJC3,舒适性,0,
3dOu6RFEPH7UKp5w,舒适性,0,
suwj4c13B68RZ2gF,舒适性,0,
inktdcsu69TOaKQ7,舒适性,0,
u7BZNFiE0cKdojl9,舒适性,0,
kKxJLtQApVnogGl6,舒适性,0,
eRQatbCxdZyqILE3,舒适性,0,
b5aExqZsgelO2fvp,舒适性,0,
MviKfxQgL6NkUGjc,舒适性,0,
ktRpUxV2XhMAsT3m,舒适性,0,
k2yucZ7QgNDK5Xo1,舒适性,0,
6RcohtkEwFMg3Zx5,舒适性,0,
UswApGFgzucCfJ6S,舒适性,0,
ayLZMdpuOilGv6qF,舒适性,0,
G6spTavu8XbnNw41,舒适性,0,
fVaR2Yew87udU31W,舒适性,0,
xtAqpUcvazf6QDko,舒适性,0,
qB7YzNKymM4euFwL,舒适性,0,
yFujWkExlsQTwAYL,舒适性,0,
uj09ckHdrbI2gDXw,舒适性,0,
nCeg1Kv7p0wfGz26,舒适性,0,
ezdC0rVQ9ExoZ7OW,舒适性,0,
iQTYVo8k1nDWMUws,舒适性,0,
Nk2DL9OcyhegrEid,舒适性,0,
0dfh6vX5ZxrRSjqQ,舒适性,0,
PYnqkagN7J9lGbX4,舒适性,0,
ESe8uGVpthw2qvAI,舒适性,0,
m1BoNMzhsLte7EPY,舒适性,0,
HzOjPbDW7snFfC5E,舒适性,0,
bcSrvXnfwh9G1sCt,舒适性,0,
EpyZeTaIXzUkuoSO,舒适性,0,
FD2kElsTogNZSdrU,舒适性,0,
Fgmsjr4pDh0l85Wc,舒适性,0,
mKeRHCFLgZSha3c4,舒适性,0,
k5yBDivefCIcsEno,舒适性,0,
Ys5j6pztVPMN9dyr,舒适性,0,
xORtcHMv5gy4UWJB,舒适性,0,
rhD8GPSuysxOlYAa,舒适性,0,
j3ETD8hfvw6pmFot,舒适性,0,
3BKOx5DzMaQsi0RZ,舒适性,0,
vyUGsFeo1E3nmliL,舒适性,0,
GFqcbBlxWdEOZ98U,舒适性,0,
DtK5aQgf9OUnbHcd,舒适性,0,
6YOgDZisAcz4B8Kb,舒适性,0,
zsxQ34YguLhVKqWj,舒适性,0,
LWm1dies9EY6FAIk,舒适性,0,
cgSKMAwYqW4mj9LU,舒适性,0,
WJ3Vb5Cr4TEs6MDh,舒适性,0,
fn6JCwyV52ExNoAB,舒适性,0,
vZoQtfNTVcDkr1RY,舒适性,0,
jwxvW0p7E6XL81za,舒适性,0,
7ivMHN4DnQCTzWPa,舒适性,0,
QPw1FAiOeSdZ9RHB,舒适性,0,
CGBhSb7nQLsJqOv8,舒适性,0,
9F5LEfqRIaBmOok6,舒适性,0,
yKxYB9VuHscOGSAo,舒适性,0,
RfchnPL26rEYqU9d,舒适性,0,
Np8JIeV0kgx6yHjU,舒适性,0,
lusRDiW3pwaC1g6G,舒适性,0,
o4BK31rvGf6JuDZO,舒适性,0,
eEzqhWBtb4ZiPjyv,舒适性,0,
udoS4CNYz95EI3A2,舒适性,0,
JhjbDXaK5oAVzUwN,舒适性,0,
hQpxuaeL51if34Ss,舒适性,0,
daBn0zAJuh76YxEf,舒适性,0,
9Cc6IPenXxTmLAa1,舒适性,0,
AHW7mhYxMGg20oPK,舒适性,0,
fCygScVsndP3Zt15,舒适性,0,
cNQ96mvLJTPXU7qw,舒适性,0,
h6bvqfCNMaJ8p0QR,舒适性,0,
8HV3WIDK2JUZSbFC,舒适性,0,
flTo2WjaIkiuDqX8,舒适性,0,
przyuJL82c1GfBAv,舒适性,0,
YsgwXUIHZAQ0upVR,舒适性,0,
gMFNJCpZ5cGwH8Be,舒适性,0,
FS5OiPvMQdKnjEBT,舒适性,0,
SKFUxA7dVENw1ot8,舒适性,0,
YUqfX2IuADLJwv5i,舒适性,0,
Nn7xR5CtmZk3Bfuy,舒适性,0,
6uOk5U3st7ezNhbE,舒适性,0,
OnaeE0m3Ho4hPBG9,舒适性,0,
tEwq3kU6yNp4AHMj,舒适性,0,
lgWB1GQPU2LtCbIO,舒适性,0,
k3jfLWGU7ZvHeYgr,舒适性,0,
64RkNdunL9TrUSQy,舒适性,0,
6huJNeXjFqAyTPdQ,舒适性,0,
u6jDlYH20VN5APBv,舒适性,0,
u7B8htHDOLjzZAaQ,舒适性,0,
RQnhPEt8q0BOlS46,舒适性,0,
Xrxp7HuBg2v4qk9O,舒适性,0,
RhfXjuWbNzQPAmTx,舒适性,0,
AlFy7t9IK3diRgbS,舒适性,0,
WMXYuq5lbzLDwjAg,舒适性,0,
LO1jroyDJsquHRZ2,舒适性,0,
7b0pJw65YcICoUzZ,舒适性,0,
RY2xvl4Mi1Tcabj8,舒适性,0,
fGRenlp71ZDuACEY,舒适性,0,
G0aXfEIqVdRWvF9b,舒适性,0,
iL0eoJjRnWKlU4av,舒适性,0,
fzlgbMthU0dSijaQ,舒适性,0,
Uasb549NBtoYWOhl,舒适性,0,
06vJk25tLPqSAOp1,舒适性,0,
rX2s9SykZHTugQKM,舒适性,0,
1roZPfezp2xJIDGi,舒适性,0,
fhVnqx2uEd0iHgG8,舒适性,0,
ZW4GqhOlFucQopNK,舒适性,0,
WAoE4nJTKuZglvmG,舒适性,0,
k8rL1RFvXEVwINMH,舒适性,0,
bhmRrF9xA5vSXt12,舒适性,0,
jExKsDpTcQUOX1zt,舒适性,0,
9yrUegdiBfSz5LPc,舒适性,0,
uQInq3LADECzT24P,舒适性,0,
JNm6xy8tE0gZivVL,舒适性,0,
BDQtfKrop017dWn9,舒适性,0,
TC8ux1tecBnbEfW4,舒适性,0,
6RsAS4XJv9zxehOm,舒适性,0,
D5bSu7LOnQ4raJwE,舒适性,0,
0avxYXt4Ld2TDHVq,舒适性,0,
fE3mb7KTQvc1wFZC,舒适性,0,
MewSZoag5Q8OxIVn,舒适性,0,
w3smqIt0CP5yJzSQ,舒适性,0,
av18RgOi9q3zLJZB,舒适性,0,
ZMgQETI7HcXaJPnu,舒适性,0,
Rw5786gaXBCzGDNh,舒适性,0,
qcznsyljIK5gW13Z,舒适性,0,
aIKU6pSFbg0jElD4,舒适性,0,
U6Yb7JkXH4ud0prv,舒适性,0,
Ae9Bg7IqKYFuxJaR,舒适性,0,
f8BTX1hPxIEVuAZD,舒适性,0,
PXrktuZ4oGTNdlyQ,舒适性,0,
Sn7ZzRoBaTVw1r2G,舒适性,0,
MzjC01Ov4KgrVnwl,舒适性,0,
ZzE8HB7INmuFSyl2,舒适性,0,
2F5v8I3ZRdiSVOlM,舒适性,0,
18cJkHiGPZd5xlvX,舒适性,0,
wKWzETpquPZSohLj,舒适性,0,
UvXfePtpKwkRO1Jh,舒适性,0,
8EP1GuYimLchgF9X,舒适性,0,
vkDGIoJ8TZNdw1B4,舒适性,0,
6b1yQrFJhdi2aZso,舒适性,0,
Ba2VwQMKHtrxGzpm,舒适性,0,
km9lwKfsUGpFJnI1,舒适性,0,
kZIm8TSGPKgdCviX,舒适性,0,
3waoGs6DLeRjrxOB,舒适性,0,
bJIzTNc7Moiq8wp0,舒适性,0,
vkOJQm36qETLfI9n,舒适性,0,
riHy5UabPW0fMIAN,舒适性,0,
592wQPGZTWVgIei7,舒适性,0,
9d8lKywa3B0PfLM2,舒适性,0,
Pchj7VARe4gtmiOd,舒适性,0,
xRIfryc1MG3nJOqQ,舒适性,0,
RUEu2BIoVeTsdk1N,舒适性,0,
uz5LxtaHWjPh2cEi,舒适性,0,
EDo9aShzQUewruOP,舒适性,0,
epNDnEtSY8FlLdqR,舒适性,0,
yhWKJkC6RxTUtnYB,舒适性,0,
RD2Pd4wIn0gGCZHo,舒适性,0,
ByCalFw7j51e8ZTV,舒适性,0,
gto9WmBOENS3cXKs,舒适性,0,
7MN31h526WYAoHwL,舒适性,0,
el5cAQvjZEYiJ1Vb,舒适性,0,
LPRsZi3tWXrguSVb,舒适性,0,
LiayInCbKGNqjezh,舒适性,0,
Xtwd5mShPOoQClkK,舒适性,0,
vcnMRyBl89DjtUXo,舒适性,0,
G06n5apCJTUyW7dh,舒适性,0,
xITUtjneCiDaK4r0,舒适性,0,
nGKN8ZPRX7bd9J0t,舒适性,0,
bkx98mnYLCe3WDzd,舒适性,0,
zqmsg8DSiG2lQLaR,舒适性,0,
ZLeoOxCIiqjdPQSk,舒适性,0,
HNRVAQPSUoX3ybeJ,舒适性,0,
ajkbZcriRmB6otJ9,舒适性,0,
LbDM2NeVnh9GPyUX,舒适性,0,
XEg72TBW9zhC8xAr,舒适性,0,
GS7Fc8PWy3bzr94s,舒适性,0,
k24K1ZcWOSYJ07Em,舒适性,0,
0AghVaU3zovyfZK6,舒适性,0,
SnmaPubjOcvA9FBh,舒适性,0,
WNyUMEbpTzxGYm9e,舒适性,0,
JQyzMPEWYdbkue8N,舒适性,0,
0zvVXq62e1A9ib4W,舒适性,0,
bknrC4PKsLwvtMVl,舒适性,0,
yt0PCoFNfBsgSQlD,舒适性,0,
UZt5DT9jcW6pJam4,舒适性,0,
TH4XmfEMIBsUPGeq,舒适性,0,
jNAMbnkW2GQhuedy,舒适性,0,
9bjkmsRP2ZAeE461,舒适性,0,
7vEhqRNMyJf4bk2S,舒适性,0,
e2maqIsDiCNpbUyX,舒适性,0,
xlCcQsGXBZd3hR91,舒适性,0,
EfgDJMeVjAR2Oani,舒适性,0,
oHCUun6B7GvL8WlI,舒适性,0,
F1TNm6zR5YXK48fa,舒适性,0,
Zp5XkQmVtjNS2Yfq,舒适性,0,
pHshzjOT3MQB8ikg,舒适性,0,
lTwuRqjUV0eOyCdc,舒适性,0,
ZaeYwInl23uJVT4K,舒适性,0,
YQi8OESrgCvjPT5J,舒适性,0,
OvEuatQI8nlf5W4b,舒适性,0,
4Nl2xiHZkwfqG5Lh,舒适性,0,
csV2lerGbWHDM7uC,舒适性,0,
7ljw0AnmIsEYyx6b,舒适性,0,
lz8CZIvuepMjyT7A,舒适性,0,
mwgUZtAKuYWskdy0,舒适性,0,
ZFDQvjqLe042yWr8,舒适性,0,
QtyfYMKHjFJhT7qb,舒适性,0,
zu7TV3p9yI01fb2i,舒适性,0,
cqbNCaWf31yOFk2z,舒适性,0,
ZxIysR3VwmEXitzo,舒适性,0,
tPWwM1QZlKn6dSjR,舒适性,0,
zGj9cIeZwxhBQR48,舒适性,0,
xyVZbhWBMis964AY,舒适性,0,
LzbmvwkG9uSTDH0j,舒适性,0,
pH9qK1Mxse4GTkQR,舒适性,0,
L1esR8dohQwbTaWD,舒适性,0,
qxB0rLI4NpR6UQO2,舒适性,0,
ntf9greFQdToRAvj,舒适性,0,
KFpnvjzWT02gcIbw,舒适性,0,
O8u9KG1J6jVqRlS0,舒适性,0,
yhwXVqQiSFe0KTGu,舒适性,0,
7W4hb5ep8twNRC2G,舒适性,0,
DvYtjcm4UkObHZRJ,舒适性,0,
5nximF6XTzfJZa4A,舒适性,0,
Wr5lt8Xi0dVavhSe,舒适性,0,
iEXebDTcawoA0BQM,舒适性,0,
KF3paJVsftS0kL9z,舒适性,0,
0Yj4uHZJSBzlD7ix,舒适性,0,
b4AXUmFtI69dREae,舒适性,0,
lSQtCEDvrhdxG5LU,舒适性,0,
kGE5UO3MHwJFQ9Yf,舒适性,0,
fApirRuzwkNdanVH,舒适性,0,
ytglEGzINRCJ0rvL,舒适性,0,
n0zyhMV2qCcRT7sL,舒适性,0,
bM9TrsOKgASWcePR,舒适性,0,
slUkXtKjbT2gqyZ0,舒适性,0,
f0y2eka46dZWtm7n,舒适性,0,
JoXVZCrfDIj2YEHn,舒适性,0,
WDOtTbYw01FIpM3G,舒适性,0,
OsYUJZTx4c8SCW3I,舒适性,0,
wFn3N9MApUeOdjHX,舒适性,0,
hbjHsBtwcPqa0CJ3,舒适性,0,
kewO9xHJuqIoA4jF,舒适性,0,
zCIjAPpcefManuRw,舒适性,0,
sm0WEtJfjKlT3Oeo,舒适性,0,
RCTHDFv6aKXA2WjI,舒适性,0,
qju7rk4scUKJ1gzY,舒适性,0,
HB1syAbrheKnUwtC,舒适性,0,
9mNiTQ81e5Yu3k24,舒适性,0,
x82sm1ahFYI6jpqc,舒适性,0,
knmwaYgs7Er53DfI,舒适性,0,
aMFJAWuCiP3dQTOe,舒适性,0,
LofFZtYiRkwd6bpy,舒适性,0,
uohVA2LclBpk3nxi,舒适性,0,
A9KZib8pXfkQVgGW,舒适性,0,
VLHijeQoT7GZF6Yh,舒适性,0,
sI6Bwh7P3OuHftLr,舒适性,0,
iCSrZBo2maTWVYqA,舒适性,0,
esqiA6b9u0cJEjS3,舒适性,0,
DWyohezJr0CQONqt,舒适性,0,
YFsPnXeEVmh3LJRf,舒适性,0,
rytcHs5GMUWREKfj,舒适性,0,
Fq1kRMwxEa0rnJyh,舒适性,0,
gHiD3zTUrPCd5FWs,舒适性,0,
tusndCeJTcZWXl1M,舒适性,0,
IBwacFpzU3vL15EJ,舒适性,0,
Y2C4dxzm9JLKywXu,舒适性,0,
P4vcBzdLeQJ356nR,舒适性,0,
jHrbay0T5MYIFcfC,舒适性,0,
XJ3komsO4CZ0KFYr,舒适性,0,
1wqRWndTe3Vh28gZ,舒适性,0,
atvMkpfeVu4Tlgrs,舒适性,0,
q0OhwytNBT3Pe4Rk,舒适性,0,
VoijeQ4huWkB0ZlL,舒适性,0,
WUQ0Mhu19dvPcsnG,舒适性,0,
yn5Yup943KleQIDg,舒适性,0,
tqJge3EvVFUkxd05,舒适性,0,
wcopTmyzvU53ftqe,舒适性,0,
EVMhc9sRnktBZ2I3,舒适性,0,
QWD8lycXxm3SKe4z,舒适性,0,
C3eBiPdDrc7jagOt,舒适性,0,
V35fhcb8qOw4uZBF,舒适性,0,
QhrgY6ZaNL4zjfJB,舒适性,0,
0pJnq2mEzhHZ3Arv,舒适性,0,
BbjC5XQH4gaSZiYe,舒适性,0,
oGzVQxeU1yStugZM,舒适性,0,
jtbe8gZDGCEf9UOW,舒适性,0,
cDQiy0dnrVfx3MWl,舒适性,0,
H0ibSq4ndAzyE1hI,舒适性,0,
scYqrhITWwSnje5t,舒适性,0,
U0yhjQEPS9Im2tBD,舒适性,0,
NlxgP3eYt0nzKB5j,舒适性,0,
zO3ND7P0C16gotiw,舒适性,0,
PTDA2eULVg8NcMZ3,舒适性,0,
UdtE90wj71gQIBuD,舒适性,0,
Ur5LIl1YoBjWQEJg,舒适性,0,
gdibkoSsHMfZcaIm,舒适性,0,
18sbwglESLoPCJ9I,舒适性,0,
npsTlXveJmibUHdj,舒适性,0,
073DfApbZlcJ1tWE,舒适性,0,
7vlHt6GnPFKQCUVI,舒适性,0,
XEvGcYdbnIVTSL2R,舒适性,0,
zuERVI2Cc9FjrKq8,舒适性,0,
Be8g1L57jXQ0PRcn,舒适性,0,
93sWiKgY4UC8jDSk,舒适性,0,
az2weAL6kCjmvVru,舒适性,0,
yPUh5KZ9vV3lpsGB,舒适性,0,
MGfTopKhv3tr67Ik,舒适性,0,
RuGhicS6dUIXva2E,舒适性,0,
20o1aeNxbApYK5SO,舒适性,0,
g2vFMCd1N4i97KUQ,舒适性,0,
fYnArPDqmTlIyagt,舒适性,0,
cXWsxD0MTKQwEVpe,舒适性,0,
1KiNolhdjJ9z37AB,舒适性,0,
TcdzWbYEAqNIiPyp,舒适性,0,
qx2nhsRFDvKHW68z,舒适性,0,
zlEgoQBSR0eHYWjw,舒适性,0,
ltj3xs5h7oEP2z4A,舒适性,0,
yeBbRYX73hd94WZI,舒适性,0,
nlf4epZz7URcOWjT,舒适性,0,
DnmNzoYrLgcAaS6I,舒适性,0,
qIn7kULExg92VMcK,舒适性,0,
Hif4ZJjkoRw5b9tE,舒适性,0,
q6E5DiKcn0GBZxoT,舒适性,0,
gzuM7rRSdkc3yoVH,舒适性,0,
Q02UuKePZtja9Rdx,舒适性,0,
3OFdtEnJhzgjDvwG,舒适性,0,
9FVrmxcqvdC4pnzf,舒适性,0,
kXnywtp49dbE2aYM,舒适性,0,
snIOM3ePFcyix9BS,舒适性,0,
JU7rLiNatO89MEwQ,舒适性,0,
ksYlK4CfjXucNvGZ,舒适性,0,
mhdw9QJF0Kfp175H,舒适性,0,
KztJLy2av0RTEioZ,舒适性,0,
uTUzYxd82EJw5bKO,舒适性,0,
1M3ASJzo8XjtKBqE,舒适性,0,
OvSEW15GR9L2TYpC,舒适性,0,
x0pVSuD3Brs4QCkt,舒适性,0,
ieuKRNqP0vEIycaB,舒适性,0,
zF9Mueid3pXalrP7,舒适性,0,
WJFMnwQPUj8iLdSN,舒适性,0,
6Tl3EBqAXL0o7sSM,舒适性,0,
8GadRbIzViTqyx4F,舒适性,0,
VpLeaYSlRTqyMFgK,舒适性,0,
M4GuJmcIwU1THDed,舒适性,0,
m7FbotzxgiPfsJLS,舒适性,0,
m4idJxSGcC0lhnvR,舒适性,0,
kgEYWcjOxbNoz4S1,舒适性,0,
5bldocje2YZPXLQI,舒适性,0,
8gpBxQOPj2YEW7CH,舒适性,0,
n5aKxi3ZbAlHyNF4,舒适性,0,
LbDhIE2q3Fa4efJX,舒适性,0,
LU9S1nwJeQicBPFH,舒适性,0,
Lg4DuFNV0jPnextY,舒适性,0,
iKM0y9SRhw1raBps,舒适性,0,
ugF1Y9NsOJaBbtS7,舒适性,0,
vxohAazq27Uj5Dt8,舒适性,0,
GyS9fbm6AiWaTsXC,舒适性,0,
G2hHFZ50pPMQksXo,舒适性,0,
gOHKCLapJowzu8AR,舒适性,0,
DLJlzgK14pc7GkNq,舒适性,0,
ZeAFK5tdv6V9ORYJ,舒适性,0,
RVGhbxrfQcIwlFdL,舒适性,0,
U79aDc0xoKFMbyhT,舒适性,0,
72XjGlFSt8QbsKHp,舒适性,0,
nWp4U7IiXA6PrQmC,舒适性,0,
OT4cMNr6vXoZKSCn,舒适性,0,
WQ8e0VLzm1Nck3jt,舒适性,0,
5jCfSe8z9wo1sU6i,舒适性,0,
Q8yxEWpPwmJtscbn,舒适性,0,
Q9lsB8x6FvkDroPV,舒适性,0,
YPyQjeoxu0N5AaqV,舒适性,0,
ILV2xjt0r9Ty1f76,舒适性,0,
kZxn5LJOHMV3yGet,舒适性,0,
RwfKrGUZibBAMIgq,舒适性,0,
y3WuIhpVe5qKMsa6,舒适性,0,
Bq8AxjuoinbzI95L,舒适性,0,
PBzSy05iMmJe9LWj,舒适性,0,
m8MyxACkfqj2lQNF,舒适性,0,
Kx9qJV7Bwcn8DUhp,舒适性,0,
3xW28YUPNywkseaM,舒适性,0,
i5MfVSO48chl0u7N,舒适性,0,
mhJoGpyU2zefLv4x,舒适性,0,
lctobe5GjuBCxy4p,舒适性,0,
ehkY7aj6X89xMyr5,舒适性,0,
BylRVaPbFuH60W8M,舒适性,0,
aDVYRH7ef086mjsA,舒适性,0,
8OQC6rfwd4vFhgic,舒适性,0,
7MtT8ZihRLFqO1bw,舒适性,0,
0PLuvKeUR7rkHsot,舒适性,0,
3m21lZW0VHhj8ubL,舒适性,0,
TymcspvV9EQjfSRw,舒适性,0,
oHyUi0BYVrSJ6ILs,舒适性,0,
iQBEyOb6tc38jhvC,舒适性,0,
yNW7hAIvr2E43fL0,舒适性,0,
1UZSqnC93b8B2gmt,舒适性,0,
g0PoIQprMBdbhHmv,舒适性,0,
VyN6x2SP9EDpfJCz,舒适性,0,
LTxHPB31aI62JOMX,舒适性,0,
UfiAyxpkvQdguWY6,舒适性,0,
CLo6f4RbAyFB3I05,舒适性,0,
Px5CuDqJOfvEswra,舒适性,0,
n7dWQKx5ZtS2NLvu,舒适性,0,
0suojbqVSYImN6d8,舒适性,0,
RY9SQqt2147cxZsz,舒适性,0,
gAap9wMyXxSuQc57,舒适性,0,
qNZsXBg68bamyHQ0,舒适性,0,
ngzcR7CiS4Db1axN,舒适性,0,
oGI7QnWD0zJZcBtx,舒适性,0,
8mYAsyPTbdnLtoEG,舒适性,0,
Elt20YcRZz5FhuWo,舒适性,0,
w9d56j8OgnCKvPcL,舒适性,0,
G8hZaqu15NQ2zsJn,舒适性,0,
CY8f92BOTH3t5lW6,舒适性,0,
CXLI764WJbzQhcSZ,舒适性,0,
enEtRf5B8Ij92uz4,舒适性,0,
fAhkYX2HCdLWejRb,舒适性,0,
zGhESjKu9sRvXqo3,舒适性,0,
4oFy08L1DuhbO2dp,舒适性,0,
sACTVgxNDPSJwRtj,舒适性,0,
KMZARaNglYCsJ0jo,舒适性,0,
DBYMylWrtnzuojCP,舒适性,0,
O80sCRxGwAri2uNI,舒适性,0,
rQyPXo39gUnVRIvL,舒适性,0,
mkCj5cg1rTxzE7Kv,舒适性,0,
yvrIFQCnOUq03lD4,舒适性,0,
pL21kTtr8gRxhfWy,舒适性,0,
mJjQ4GHoElIXfqAU,舒适性,0,
gS8mMHCB5P1LkEKu,舒适性,0,
h8Lau6KWxfmIOPj7,舒适性,0,
6V5S9TmChcoGRbYg,舒适性,0,
CWdGUzmhA9Y35wPj,舒适性,0,
YtMgvoicjZsrW1Qh,舒适性,0,
l6kZj5wsr8R4AKUv,舒适性,0,
4grifhEPpnxc0WS3,舒适性,0,
TmBDYCLkqhX68ysv,舒适性,0,
lQEBMIFYh3W2ZRda,舒适性,0,
u32zFWTmvhSBALfV,舒适性,0,
eBAOK0iL9kRTu3X7,舒适性,0,
wEgZ92N4b6AMOkxS,舒适性,0,
0Flnd8hRq7C9kLGP,舒适性,0,
Pm5tHqoJKC2zvsD1,舒适性,0,
BnVNYmgcslkfGDSe,舒适性,0,
eaUX9AmLpQBGMIdT,舒适性,0,
HoA7taEmxsXCILlB,舒适性,0,
iKvqEVW2zx6cfMPA,舒适性,0,
Njqb59iEroQOJ0CX,舒适性,0,
aGZolLsBfVYvHJq6,舒适性,0,
dbX9HnOZxTk8acjN,舒适性,0,
Smr5TJxypWblH4Uo,舒适性,0,
AxXtv6CNauVQ2EYS,舒适性,0,
saFThguOB6fZHbAw,舒适性,0,
puBeAcLKxDWRJgCH,舒适性,0,
ZWw8NQeKMT3fXbJR,舒适性,0,
0lIuJGehVMFN3YQR,舒适性,0,
Y5Piob0TJNsqxyIO,舒适性,0,
HMb4EDrQAZgJy5RW,舒适性,0,
JYBR31ezsQObFVa0,舒适性,0,
2HM9K0C3dWPmAXjk,舒适性,0,
4mupsO9QdHIjAZCx,舒适性,0,
9SHwLQYjuI5dRtvN,舒适性,0,
kRxYP9qzbWef47mc,舒适性,0,
DkSA0nRvwyxrmJzo,舒适性,0,
K7iEzF8jtpLvc5qH,舒适性,0,
DYxPBjZendkSpM3b,舒适性,0,
PZaUybTwCt4jqsnv,舒适性,0,
BPnjDGbgATUfy6H3,舒适性,0,
PSY0qdpjryGK9FNm,舒适性,0,
DFpjJkdehuvLStTE,舒适性,0,
kz6lDqx7PQcRBoVv,舒适性,0,
vgAGd6BS4pHa29Rt,舒适性,0,
nMXptb4eFWO0HJGg,舒适性,0,
EctJhFjIHKv871dr,舒适性,0,
KzOcf2gUuVm4oIyh,舒适性,0,
6pu0SFqDrhfeTEUY,舒适性,0,
oak4npPgcZBGdeE1,舒适性,0,
UhAyZtKqOQDXFip9,舒适性,0,
U8VCky2zHw9neYr3,舒适性,0,
6yGYa4nW5zcSeARP,舒适性,0,
n0iGFeumh7wbZfc5,舒适性,0,
gcvFNLBunQA1rDq6,舒适性,0,
CS8uaGHjZex7nqLv,舒适性,0,
s724WXNFcAuDngeJ,舒适性,0,
h3NL9F6Y8Je1PCE4,舒适性,0,
ogGOmYu1jtDZQ9aE,舒适性,0,
JO8tRVkUlmq7MnP0,舒适性,0,
3AJkt7mQYBeqS8nf,舒适性,0,
xF860eoBE9tMkgcD,舒适性,0,
d12qenNXRh4oEWkM,舒适性,0,
TU8qXLNScFeEGJop,舒适性,0,
MLdqs6WeHn2BQNS1,舒适性,0,
Lp10l8mH6BTKExyP,舒适性,0,
EhvqxVprbJ0KWk3U,舒适性,0,
91Jqs0gUj6cG5h3V,舒适性,0,
Q0Eh6Pc19WxsfYIz,舒适性,0,
AsB7ojNxuFhLXyW9,舒适性,0,
pT16YmJPVbAU4kQM,舒适性,0,
o81JW3GwXYbiFfqy,舒适性,0,
0BvCpAUIK2TVrbl8,舒适性,0,
1LDt9yAJwhUZK405,舒适性,0,
W3p7COTRkSzjK56I,舒适性,0,
9vnib5NlZmXjGRsw,舒适性,0,
3k8eQMZPvtwiIFHx,舒适性,0,
bSJW1EvDTLnhU0qO,舒适性,0,
Cj8LbX4Gs1icVz9P,舒适性,0,
xpwuMGFyiq06ldaO,舒适性,0,
WOKSEYap1DMc5iPt,舒适性,0,
sR5IdcrS47ACxgkf,舒适性,0,
GO8AHDxYM6FyC2KR,舒适性,0,
fvme2FaMH4K1AIWG,舒适性,0,
cC7ZJ9QgyFRduO4w,舒适性,0,
PfT21Y8IqGeOik6M,舒适性,0,
qYK5ZvFwyMj9HbxQ,舒适性,0,
i60D1tkneHlwOWK4,舒适性,0,
uRJFKHw50MWCgQEj,舒适性,0,
8RjxP2OmA6FzaNfv,舒适性,0,
4T3COzh0KP98wnWv,舒适性,0,
BS6GJonqAjs3i5dD,舒适性,0,
3ufdvW9n6LpxtUmo,舒适性,0,
WzG1hoF0sn4YmMNd,舒适性,0,
Syba49BXGKAj5E2J,舒适性,0,
XQLp1W6PUGiSueDC,舒适性,0,
4fi6wDdFSEjBIWQ8,舒适性,0,
w2djv1uBiVHhNIAQ,舒适性,0,
pz8P7vGWgAeoUbrc,舒适性,0,
n9dFxNf8SVY6wIb7,舒适性,0,
TEJua7ojl5kVQ4px,舒适性,0,
cxdNAbiwF7ar901z,舒适性,0,
t7mqEcPgjBi3yMXG,舒适性,0,
opQNKOJUsPm8fhqF,舒适性,0,
PqnhGulHWtDrbRFU,舒适性,0,
QXv8qNuizGcjtOae,舒适性,0,
AEJ4Rzqk8PL5bFfg,舒适性,0,
v2oQzqurO6aEdAsh,舒适性,0,
ibSO4ogXnq0d7Tfw,舒适性,0,
pDnAP3eMVs1j47Cb,舒适性,0,
5hlv1GcgFWRDLi8u,舒适性,0,
Z7ovg4rQWNT5czpl,舒适性,0,
btQj9E65G4gSrx3m,舒适性,0,
jaFxOp42fse6RdLK,舒适性,0,
KgNLqSsR5rW4az0P,舒适性,0,
H9Eqg04t2xn6CkJT,舒适性,0,
H8eBXno1LjfbMyPW,舒适性,0,
FsEWPD6SoKM3rN48,舒适性,0,
AlF5rQZI2mgRdhGi,舒适性,0,
H5oIvqrNuGT6gbR9,舒适性,0,
p2zCmiu4jIScUXew,舒适性,0,
onsZ8B5X4uVcaU0I,舒适性,0,
93pxjCQnsPHiXTml,舒适性,0,
NM3TLgmaheIbqz4W,舒适性,0,
eRQXz59hG70FxqEJ,舒适性,0,
cwGbU5WZlaE4mFzC,舒适性,0,
jSERDcwzuegam0Gi,舒适性,0,
RL8iomre3TPFyBqa,舒适性,0,
khWTLVBRobvUn3Ga,舒适性,0,
S0D8e9tuBdQpaWFM,舒适性,0,
70s9f5wBXxQyvIeJ,舒适性,0,
nhK3bVtY2XqfoFvu,舒适性,0,
N6SOwHa5DWnUL4YV,舒适性,0,
iSkQ6VBe41l9s3HJ,舒适性,0,
vEjHlxB509aiUh1L,舒适性,0,
JzQNiRH9sdM70n6F,舒适性,0,
p5diMJHQ2AchUxVF,舒适性,0,
Gczub7DEkxp4VRhN,舒适性,0,
Ziu2rQTNe3YUJD6v,舒适性,0,
LN1rgVTHliQMzw4S,舒适性,0,
jZTniaUmkgNuroEL,舒适性,0,
WlpdjUxNifwH39Qv,舒适性,0,
UMN9f4gjq5VCme6B,舒适性,0,
M9maZYhelO08UcP7,舒适性,0,
mv45lRIHiagoZPuz,舒适性,0,
50URtN4rqHjKGT7p,舒适性,0,
td0peuT5361WJCy7,舒适性,0,
ifU6TJRIqQ83MBm1,舒适性,0,
1hTnwObE6Pv4ilI2,舒适性,0,
sWdoqgak2prV5Xfj,舒适性,0,
sTEj9duGX2zAqIr8,舒适性,0,
k3dnRXbhuqiMje8D,舒适性,0,
OiM0P8nZ6Hk7ECLR,舒适性,0,
5r40CE1jGfLliA7k,舒适性,0,
nbtiQjg5371Df8Fe,舒适性,0,
RAhPKc3w7zYvTkoD,舒适性,0,
zxho9ZN1fG736tIX,舒适性,0,
sY8baihTfECGcK4q,舒适性,0,
puszkRaoPD9hf7g2,舒适性,0,
PQRy47eBIkvXzLmH,舒适性,0,
KPlyLQFwz5RshMjf,舒适性,0,
lDMaYEJdVBKTu2zy,舒适性,0,
TSU6zwZnRQ4cuqLB,舒适性,0,
9TWx532X4h7wjiDy,舒适性,0,
6jm8uWBCpZwo5RFI,舒适性,0,
4tWrTOAjecVDyFYl,舒适性,0,
XK9dD5vynI4oGskJ,舒适性,0,
qscgnZPK4FGwLV38,舒适性,0,
tgmdp7VPTv2qicoK,舒适性,0,
DoV8dMqFstKXEUwh,舒适性,0,
GTx9wel45ru2LZoS,舒适性,0,
uAzN7fjJWyQq6KXD,舒适性,0,
2ZCfsbon6041kpPF,舒适性,0,
HgApRX8nqjJlEO0K,舒适性,0,
H83bKrlde7D2pNLF,舒适性,0,
k5A2oECXbvlxpWF1,舒适性,0,
EsFeCWZ4pAYLjkOD,舒适性,0,
mUHbaghwpnzBtME9,舒适性,0,
8SjFg2purME4Jx0A,舒适性,0,
e0kYOc5iPx9mR3jv,舒适性,0,
HALEWZPmhvTzKjr8,舒适性,0,
2Hp9McN70xnzy8qJ,舒适性,0,
mWbG5Zc1zwy6KtjV,舒适性,0,
AEYbGMtnhrJ76sUd,舒适性,0,
T4Y9Apfq2BesIGlc,舒适性,0,
1hM4eqwczXF6buG2,舒适性,0,
wtoBu6QpKzlO8maL,舒适性,0,
GRXzZQMwAeJu7COd,舒适性,0,
bKsdJG5Bu4QFfAEL,舒适性,0,
TIMa6yKYE8fePg17,舒适性,0,
UIC3PqTcutWdFNVQ,舒适性,0,
39GHL0vs8hg2bpl1,舒适性,0,
Jmb32XBrZgTNhi60,舒适性,0,
es0ZgKMEINc3vajU,舒适性,0,
wrLa3dy1MTJAUbIj,舒适性,0,
jGglFPieTJX97Uxb,舒适性,0,
k8G4vxE5maWVOiMB,舒适性,0,
XdMQbHDq7Vs3n0IG,舒适性,0,
QZHrOlg7P4Xdy2Y3,舒适性,0,
u0K4toPXbnlJTcmL,舒适性,0,
uzfj7oHsXO2nmUxC,舒适性,0,
JOBqrRszQ5LFT72X,舒适性,0,
pURWwJXEY9boHvLq,舒适性,0,
jyTlYHMnAKc4EROF,舒适性,0,
HRLxcVG8YaWArDqd,舒适性,0,
rCUqz3A0k5PK8bEV,舒适性,0,
beH79mYF60rqQwKW,舒适性,0,
ay6bwYNud4KBVJXg,舒适性,0,
amIEoWFrYfbsRyOq,舒适性,0,
CKWDlRyrYdQq2iBH,舒适性,0,
YxvTf4hr1odFwyM7,舒适性,0,
VYRCeOz63ky4UhFP,舒适性,0,
5gRpXMthv6sO9lme,舒适性,0,
mCcU9XgIHYWsL4qJ,舒适性,0,
xZvGCk0LXS2ITgHe,舒适性,0,
G3gFzhjsWm8xqHTV,舒适性,0,
SoiD43pfynQPmJ7V,舒适性,0,
2b6R1V7kQS8UMxY3,舒适性,0,
EnKrOoixv9Bq0b5Y,舒适性,0,
V52Ubc3yioDXqkQ9,舒适性,0,
DhQW8jsTpyqw06o5,舒适性,0,
krc0zWjpYaKuOIUT,舒适性,0,
WMfT8mP6bRpHnhqr,舒适性,0,
TlQ3NGwt1ZzSO9B7,舒适性,0,
CFpJR65ev0MizD8X,舒适性,0,
EVG6bXaQxSCN1Ake,舒适性,0,
ZYL14a2ypDcoB8T5,舒适性,0,
NO8VzjCTMpQ3Hcul,舒适性,0,
VL6jHoQ8ZpyIP0tn,舒适性,0,
cCgJT7PV3mbx21h9,舒适性,0,
V9JNZ0vxUCWDsfrY,舒适性,0,
sNtAReLBfbXuTcyH,舒适性,0,
FRkSi7Mad9B4He35,舒适性,0,
SuaPyk6KrBWiLl8I,舒适性,0,
3IULXkViPBDKYjvw,舒适性,0,
MDFGsd5R09vbPLht,舒适性,0,
bMUeh2VjrukxmNAD,舒适性,0,
24imyrkH9Bcu067W,舒适性,0,
QeLJ6w9EB78bulcj,舒适性,0,
8g9n4vVqZQ6JSP5x,舒适性,0,
jF2o1uBciOaKARx6,舒适性,0,
dL1EZgfl4RjkeKUh,舒适性,0,
2VWOd6lnSviTrQY0,舒适性,0,
l78SQPcmBT9DtqNj,舒适性,0,
YGIRkO0Zh4NtVnmF,舒适性,0,
V1NSF709AmjTRPhe,舒适性,0,
yBOG7JzfwRZxHVUo,舒适性,0,
1VkicdAOjC6rPqXW,舒适性,0,
zJjMAVQLrfeUms3Y,舒适性,0,
3hctzfuMi9F0r17m,舒适性,0,
A34yvHZGOCmtczpf,舒适性,0,
CkjQS5YZNHvFAXzt,舒适性,0,
5hscw7oaqFm3iCBx,舒适性,0,
SUV7QinvDBPmL5OC,舒适性,0,
pGEBk04J1dcLUThW,舒适性,0,
NvOgzwa9XLkhEZfj,舒适性,0,
v01eRdCPMnOKw8ty,舒适性,0,
kO0yL4m76xbZ8IUE,舒适性,0,
VjDzCfoU89EvMbdR,舒适性,0,
tyDsn2CHM0WJzwpX,舒适性,0,
64eN5ZExUkXqpPa3,舒适性,0,
6e2J5pdRaqDWvSgE,舒适性,0,
wHYay9uoQIO25Rht,舒适性,0,
uGTir0Q8SBej1wAN,舒适性,0,
xGaLW1hdRjQFKXcN,舒适性,0,
JEpFPS0tBo5O8hxu,舒适性,0,
AGjnT4Dd8bOokZz2,舒适性,0,
dXbirf1CuyFszlKO,舒适性,0,
nBZzr916y0SKtCPe,舒适性,0,
SnXce3GqCQd6tfFb,舒适性,0,
wWxseS1cGTg2DhHK,舒适性,0,
reyUlXwx6YZHf2Nc,舒适性,0,
um2A5EVOerPf1ZKS,舒适性,0,
Aa73jxLqprzgl5VT,舒适性,0,
7KRGZL60qn39dMXN,舒适性,0,
Jy2MjFViEeBdm4St,舒适性,0,
QY9l3vw28UtiBCs1,舒适性,0,
ho6QNZl0uXev3C9q,舒适性,0,
0ZcJSahWkL3TmIzN,舒适性,0,
CM0TrDvozKejJ19X,舒适性,0,
hTSecn4GNgLbAKHM,舒适性,0,
3IxjdMX1y4NOf6Dn,舒适性,0,
L4xNKFochkw71QBZ,舒适性,0,
fkqNdWp61ien39JX,舒适性,0,
7Gb4jFNMRYgvLlDu,舒适性,0,
0HR9mNhn3dzgXr1F,舒适性,0,
3oqNdjLtr6HBxkKD,舒适性,0,
uUpHiy5kTCXr76fq,舒适性,0,
sDLvXxwqMJf5jgTc,舒适性,0,
lhu7cmGoMekHqBaz,舒适性,0,
uWgbGATV0jOoarDw,舒适性,0,
rf7MZgcWesEv6SuX,舒适性,0,
jEpFZwbyDHo9tXkn,舒适性,0,
Y4E9pN1kznPewcUO,舒适性,0,
H7l3YEvyKQaIh6r8,舒适性,0,
389Drm5jzBFvIZ2i,舒适性,0,
JOnA6lRuWev9gcUC,舒适性,0,
JK1uU6QgvX7FPmeC,舒适性,0,
bagL1329tZij0Pme,舒适性,0,
bXUKus15n8SeEHRt,舒适性,0,
EFY6DBolxfH7Cj2b,舒适性,0,
FGRbjwZTUlkg86pQ,舒适性,0,
jlxnYgNMRSEbQ47I,舒适性,0,
Pzcjy48JxafdKIAV,舒适性,0,
hxR9gUEeVuBHcPTk,舒适性,0,
rN1gsRZq98mTL2ow,舒适性,0,
6vnwrqt9EU048AJD,舒适性,0,
YiOzfUcV1sy6KxIE,舒适性,0,
bkn08zQsyqtxGpL4,舒适性,0,
Qw3Icen09U2i4ahS,舒适性,0,
X6sGr4hBNU8awZ0H,舒适性,0,
ZUCOEHAd1ga7LFxk,舒适性,0,
ywJhqCI501xpn8Tu,舒适性,0,
yoH41Gi9Y7RXmJwK,舒适性,0,
QptxJrH7qsfiEodS,舒适性,0,
rGgeAiF6dkhOynmp,舒适性,0,
USo8k1D2Zwh56vVB,舒适性,0,
Ec0zbuRis9NHpyIQ,舒适性,0,
ICnk96qfHQtTULAc,舒适性,0,
Ps6hZcIAX1fFYlCv,舒适性,0,
zyCSDkJLrhWE8KXR,舒适性,0,
UyhqNBf53jE89orR,舒适性,0,
tvTr6MNcyhmkuRAX,舒适性,0,
mCtk2EcWaBZRTzG4,舒适性,0,
oQ49SFW7I0LybuqU,舒适性,0,
O732ncCsp8Rr69oF,舒适性,0,
fxyncAKhsDum2Oob,舒适性,0,
gWMql7QIZcVFX6y0,舒适性,0,
jWgdAn4QIHRk2uUs,舒适性,0,
AB4sGnS3vVEq8Dxb,舒适性,0,
6wxXOpZHJ9CNtdeT,舒适性,0,
fMt9sXq4pGHT81CS,舒适性,0,
cdqKw9jfWgvQ8NEm,舒适性,0,
Pm0r2h5HI76nXvos,舒适性,0,
YLIEz3wdkUNMa0HJ,舒适性,0,
3bhVfsTD75wFKXCn,舒适性,0,
raYDzok54yMZCOSW,舒适性,0,
cL9T6irqHNDsZfPe,舒适性,0,
qfdGDCZ3PeKxNwpn,舒适性,0,
p4kMIBeaTxqrHFCS,舒适性,0,
X8wU7Mr5kBcSDxJh,舒适性,0,
AohYceIpjN7wJ2zg,舒适性,0,
78vjfAny6s9aIKmO,舒适性,0,
O6ECF9ct4iuMlDJ2,舒适性,0,
1HKS4tw3Z7r5Mjbd,舒适性,0,
bqlw4Hz1UL05MRC7,舒适性,0,
lu5Ji2sjwNgHOBcV,舒适性,0,
5kwbXrfVS62FnKDh,舒适性,0,
EtMWgPap8VOK0ydJ,舒适性,0,
sghfQnLUcSOu4DFJ,舒适性,0,
yLlrQXn5hta4bG76,舒适性,0,
LFeDWjKa7HBM4sS2,舒适性,0,
atzMAVxk9SmRh1N0,舒适性,0,
dRpfDLrSM0sYWvIB,舒适性,0,
NbFEO2GfgL1dJcQM,舒适性,0,
e0v8JDt3jqNnIVUK,舒适性,0,
ioUIrmX7F4V9bClB,舒适性,0,
jaOzYwbXlD4sMEfe,舒适性,0,
WPIkOoDsAQl7hiTN,舒适性,0,
VhlJyLza5ERfxDnZ,舒适性,0,
52jEpMRoDNvPHwSb,舒适性,0,
goW6bEX5lPTeBjRt,舒适性,0,
dBKTF3eiMoyUELhb,舒适性,0,
dMtgGohl5s3VZHqC,舒适性,0,
pL13OljJzXMRiGmZ,舒适性,0,
1KRVcuea2SYEsynd,舒适性,0,
AcT47a1YvjXbyodn,舒适性,0,
01kgxZUTtfODp2hr,舒适性,0,
PxLWHR4po8D1T6A3,舒适性,0,
237pFikwragGBfnt,舒适性,0,
Gjc1XHOVlKFe6ItU,舒适性,0,
atLdKR0lSyEH9sMg,舒适性,0,
Lw9O210Qyh5Uut73,舒适性,0,
8NnaMkJhHyALDcPZ,舒适性,0,
ODvT15rVzUQGtxWS,舒适性,0,
szJOWrFC4H97uDUo,舒适性,0,
gzGyHmUJQuaEfNhM,舒适性,0,
SVaOfb1hoyPzv7Lq,舒适性,0,
8Y35jtbpHAeThg70,舒适性,0,
KfFAPD6TohrVGUSs,舒适性,0,
rQWPNRL1mwxsF7li,舒适性,0,
wnyujq8gV62lDU5Z,舒适性,0,
AHrjUh6xkJ7dRcLW,舒适性,0,
Oa4sklUTNDmcpbQw,舒适性,0,
uPwVh0CZYoTeGnbD,舒适性,0,
sP2Ax8OS9bgIafqE,舒适性,0,
Oey5EIJUc4PQa36m,舒适性,0,
eTKhpqbosaRn5jLZ,舒适性,0,
R52zpKF3CkvcYhL8,舒适性,0,
eNou2KY4lv1CBD8n,舒适性,0,
4Nx9kchmQwlHE3YI,舒适性,0,
K3Aby8kS6urpQRYa,舒适性,0,
jRIDftoT6FSWVA4Z,舒适性,0,
TFtAxJUkB9RpYbaZ,舒适性,0,
QKtFkz9vn68ErxUm,舒适性,0,
Gbc8jJ3iENw7kISz,舒适性,0,
UXA1P7V5bJhiG9tx,舒适性,0,
LoZ6kfgdemxuANYI,舒适性,0,
ODQsAT5ieyg9JNSG,舒适性,0,
UJ0uFwKlp9qf8zW6,舒适性,0,
cydDMeo04TnBG92s,舒适性,0,
BaEdk14fSL96ZTtN,舒适性,0,
FfcOkjr9XwMlZvIW,舒适性,0,
6Zw3Q5dDmTPYzrp0,舒适性,0,
VZsxWz1fbk6DLFXO,舒适性,0,
xwpBL2Rf89F6qO0u,舒适性,0,
bMpL97f6tirSwcxO,舒适性,0,
r0XIUAqlz9aQcvYB,舒适性,0,
Cy0ZOxkKhMoETNqS,舒适性,0,
TROFwzH24CuexUZd,舒适性,0,
Pm7De1R2OuIa0AGB,舒适性,0,
6p1Gd4CbI5MALmxq,舒适性,0,
xr9naXZ6QuegToj1,舒适性,0,
1SK5FhgGrNiCPsYV,舒适性,0,
voGhsAS2uf8jCpWw,舒适性,0,
OeLFcmtvT4GaQYZV,舒适性,0,
LaYhq2ci6EbpOzXd,舒适性,0,
q0bRKPpSCtEGhmga,舒适性,0,
3HdWEaZ04DPAhLfk,舒适性,0,
zf81NdHe4J0GWY95,舒适性,0,
6TLua3NxbHo5Rsj7,舒适性,0,
pjynGY1xS8M6JhdQ,舒适性,0,
f7uH1xAdhCX93L62,舒适性,0,
wU1ipRTWtdl8bhYn,舒适性,0,
9KQ7RiT8vdOeroHb,舒适性,0,
KBDSkAULJQ6v4WVT,舒适性,0,
8E6B9V4pZ5jtXInA,舒适性,0,
2Mg3CxG1vhfWHAVk,舒适性,0,
Xt6faCsrjGKRExku,舒适性,0,
Ff5Bh7nHMvISAoqg,舒适性,0,
hFuqAespIJt0MKfP,舒适性,0,
shaB5qOUiVct1Jxf,舒适性,0,
cduP0IO6QzeqXbg7,舒适性,0,
TNP8GkgvxcYJ51dS,舒适性,0,
s1bqrGugAkB06xZj,舒适性,0,
WUMfjXzKCtP4F3qg,舒适性,0,
9trKxFco3S5iBeka,舒适性,0,
IPMSkDGKeciJZmTf,舒适性,0,
dHTaEWKxyYoBc5sU,舒适性,0,
AMlzYOEDGNWr4tUI,舒适性,0,
pQLoOrdDjFENC5IP,舒适性,0,
1rnyWNaQlKjGgpHs,舒适性,0,
Jy1LwbjqZgxI7AvY,舒适性,0,
lcHAXhtYT96diyCg,舒适性,0,
3Td6ia7n5BNLqjxh,舒适性,0,
8T4wfUGLgxm20WZp,舒适性,0,
6Zf9kPLzJDMnxaA1,舒适性,0,
3NQxUShkd8iuRemf,舒适性,0,
amI52NUMlDGfjZse,舒适性,0,
5lWHK0DEnU7g8S1C,舒适性,0,
3ePOA5JHayrbDik8,舒适性,0,
1UFKiJnMPgWyGpHc,舒适性,0,
fV6y2A1na5iSImbp,舒适性,0,
cjeL2RdTgBrzXisv,舒适性,0,
4C1iftvQzxIA29g6,舒适性,0,
D8PrMauq3jmVIpO0,舒适性,0,
yv10mXsOb8okPVHz,舒适性,0,
4ft3dcD51ujCWYrR,舒适性,0,
u0PmnoGdzNIRy4Q7,舒适性,0,
GRlhBtC0dvqozcDr,舒适性,0,
1IS5ErKoGiW4Jjls,舒适性,0,
2xquOsEThjWnBbNR,舒适性,0,
yT5KQ81OwgWksu9o,舒适性,0,
GjcNvgzmyAlk0CtU,舒适性,0,
enGqUjh94tM7gNRY,舒适性,0,
l70jQ4sAmbVhSCE6,舒适性,0,
nrV4zqh6A83S7IaL,舒适性,0,
S5LM9Xt78HWUwjvz,舒适性,0,
qE5DawnupNgsJvHh,舒适性,0,
Qe4htWX3MpbTo59f,舒适性,0,
J5DLaj2MlofUKtkT,舒适性,0,
Gx5zIE8tOnUfiCYy,舒适性,0,
THFr9R5wPhEgeLus,舒适性,0,
7PYVKRsj3Ftm0Wop,舒适性,0,
ZwWhIekUOgL2TaVf,舒适性,0,
lwz4A0aUcGDJVOxX,舒适性,0,
B7zneJI3pla8kQGD,舒适性,0,
Vhk03O6jgnm4v78M,舒适性,0,
fjNK5psFJVzrPbgE,舒适性,0,
ZGnLHOQMUmTYfusI,舒适性,0,
2hqQiRpTBVmNdtEo,舒适性,0,
j7v1Qtbl8G32gNZn,舒适性,0,
OUIc9F38ut6MoGex,舒适性,0,
SZDd2UfnJ8lOxLTF,舒适性,0,
eC5MH8XYjSpUITo9,舒适性,0,
1NxrRQWBTJFw7A2d,舒适性,0,
h1rBlfXKxHVO0Nzu,舒适性,0,
LI0lSFPZDOzrqnyj,舒适性,0,
XGRehAmp9QSzZCNL,舒适性,0,
54BO8AXVfUluaEn6,舒适性,0,
HZ1BLnSGKDtxcRP9,舒适性,0,
LdQKwOs6hTbY9gfM,舒适性,0,
MxZWDrcfogmARhjL,舒适性,0,
YNVm4FeIfWKG3rds,舒适性,0,
vcEKDR05dHhqlFBI,舒适性,0,
oi3egvK85kdCLym4,舒适性,0,
n8gkp6OeAKf4zrwR,舒适性,0,
bx87EnuPHgq0Vy6e,舒适性,0,
3WVqgl5iaRbOdHe2,舒适性,0,
Yg1qG7649sKiVh0T,舒适性,0,
OMS3NeFwL8JB6onb,舒适性,0,
Q0fVx2qNWLe916Pz,舒适性,0,
sqNWBIYSTVR0zob9,舒适性,0,
dHbmaZcxAgpnwETN,舒适性,0,
WanjgfvIscPoUqGY,舒适性,0,
HpW5LyeUK6rNX4g7,舒适性,0,
7QOtG1MD6z0skcNb,舒适性,0,
fSR1A9e6jH3UMFI8,舒适性,0,
7A2ze9YabMCc5svr,舒适性,0,
pLSxhPtQ4OmTDg95,舒适性,0,
nNpYZdeQERiutcD6,舒适性,0,
3MjvJUXBzegF45KT,舒适性,0,
875xyDbzPHFleEBQ,舒适性,0,
wm62yPbD8engtuGI,舒适性,0,
AF0Izd3Ecfgkujy9,舒适性,0,
94epsj1buvW2lBIf,舒适性,0,
IcgXbKotPaAMZ2Ck,舒适性,0,
c95QCaf3XKtn04VE,舒适性,0,
OLTDzsIkWUeYKHX3,舒适性,0,
C98YtdkE4OLTDgea,舒适性,0,
2gO7dWM6rD9SHvEY,舒适性,0,
caVRpZDW6Qdr2gk5,舒适性,0,
ByeJn8m2blqVKiD6,舒适性,0,
ZRSP1JekE783vNiw,舒适性,0,
OU0Ha56DoCJiqEjs,舒适性,0,
dM3i6seOI4ckbZtg,舒适性,0,
I27CTamYDZ5oyX9B,舒适性,0,
jzTRF17bABPMOXZp,舒适性,0,
sLJc1tXdGQUeVhEf,舒适性,0,
wxzmSrR20gA5kdQa,舒适性,0,
P3DW07uNKaj8sCRr,舒适性,0,
PykO9QsJFYtmMGvU,舒适性,0,
uDpUIL5BkgFoGZQE,舒适性,0,
vlCphH36ucoXYAqw,舒适性,0,
yoUEBOQszJW0KA5G,舒适性,0,
bTs4yzovnrFhX1NV,舒适性,0,
wnWRdqCphJz6P7U2,舒适性,0,
Z8IsoVLB3CEetMUF,舒适性,0,
RpeP4w7J8AOxdzIi,舒适性,0,
Cme1yAS3oLdfiRBK,舒适性,0,
q4webEMXRSyDN5Qf,舒适性,0,
HM38kdhUSjEPwp0u,舒适性,0,
hNiGFEPdTZJoKOqf,舒适性,0,
aHU0O9YCLly8cPvR,舒适性,0,
ueY7R2gFVMB9bWvL,舒适性,0,
mreCtuKXFwYsi0z6,舒适性,0,
n2TZNWRdfSCilqLh,舒适性,0,
KTdD7U8JiFE26GLb,舒适性,0,
qBLiW1NTHk9KguQF,舒适性,0,
t13HaBqTUZF7Yeju,舒适性,0,
atYuVC4do9Z3EQ2X,舒适性,0,
MFa29rps6jzg0IbC,舒适性,0,
Qgls9k6yBHWYoPxR,舒适性,0,
edOCKSsoXJyw5TLY,舒适性,0,
gDHSRqoWn0m3A69d,舒适性,0,
hf5PnKEcrJtUYRXu,舒适性,0,
IdTQ1FwiJhUtxE02,舒适性,0,
jaihGf4Qxl9qdNry,舒适性,0,
ciFVdL85Xfv0wEaN,舒适性,0,
5SMgPUyoustRpH1C,舒适性,0,
k9CaQPBrpeX8bjSG,舒适性,0,
XPjnqk8VFzthwuU7,舒适性,0,
bCx8wV5SpZDlK3Py,舒适性,0,
dHbRIfBklWh951Dx,舒适性,0,
WmOC83jat54SvqiP,舒适性,0,
QWdyBLA8uHGURn6h,舒适性,0,
FK9f0la3xHeTbqws,舒适性,0,
isSJMTg0FcyKpOQH,舒适性,0,
PzDH9W2SLkI06jXn,舒适性,0,
CypflrRX3gzLH1S5,舒适性,0,
CbRdc5SULZMa0ENu,舒适性,0,
jw6r9o5lKR0qmnYO,舒适性,0,
Tw9nMdNusAitK6LD,舒适性,0,
mkL5BqDI0K72WYip,舒适性,0,
Hl6OX4keyCiI59ca,舒适性,0,
vNr9ZPWB7CUtenfi,舒适性,0,
xewG7SsfbB4tackJ,舒适性,0,
wypVfJ1g7KBFbHqR,舒适性,0,
wl56peWJEFKrPxzA,舒适性,0,
NTSwHW7RQV1bUA3m,舒适性,0,
3D8VpF9nbjTK4NsB,舒适性,0,
QcPDjLbxHWvCmVBS,舒适性,0,
uSEYLOmivbVUT1dM,舒适性,0,
htRUXO3cHxBkdaMw,舒适性,0,
gwtnIS4qfW9iRvNo,舒适性,0,
dtcU9gDBOFwMKy1j,舒适性,0,
aHtQSMkbuWIo3ZKU,舒适性,0,
vbUMhGZKA6Jzn2DN,舒适性,0,
bsSwZUhKyEC2zpav,舒适性,0,
Ky2H3WgfdaIwrSAt,舒适性,0,
iUutpQeFw6vzMsD2,舒适性,0,
jLb8qX5xeQ4S1iKU,舒适性,0,
6HxLhDasVpPgMm8K,舒适性,0,
Z2GfSdoxeOt5LNuR,舒适性,0,
IMofFWZihwPx4YdR,舒适性,0,
xehQGn9UXiu7Z28I,舒适性,0,
546EUdlygJWfBtXa,舒适性,0,
IxGULQg6vNziM9uB,舒适性,0,
Avuyps28QEtHM73w,舒适性,0,
MrTgjwkBWDmh7loK,舒适性,0,
JWOxwhLq7lpQv1eI,舒适性,0,
hXQT2Nq5Hd7epoxZ,舒适性,0,
Cv9S02asNYldJ8hH,舒适性,0,
HIntVvrux5ZkibOE,舒适性,0,
qoLHFgKsdu52hBp0,舒适性,0,
sjK5uV0zPwJMld2X,舒适性,0,
lJd6v0EGxVkmNbU8,舒适性,0,
sN0Od9C6iDhzPrQq,舒适性,0,
wiNfok6vXFL1tWDV,舒适性,0,
kRG2wfTBMprINaF6,舒适性,0,
s4KEk3XfTJSz0y18,舒适性,0,
IFLmEta54AiujdUO,舒适性,0,
4TxVo6Op8kXv3mHR,舒适性,0,
lpF1QBJRqNorkeVh,舒适性,0,
eVw2EoqQzPafcni0,舒适性,0,
uSCy8iTz742tkdrh,舒适性,0,
AMDg8X4KiknTopE6,舒适性,0,
Mj2skhg31YLtnazp,舒适性,0,
nhmcCF2Pl1GRyHiK,舒适性,0,
3e4RCs9lGvLokq0I,舒适性,0,
ROMK65g8HGQweWDq,舒适性,0,
P7zwjrpgGSFiDA4M,舒适性,0,
PTZrVmatjOJLeWxv,舒适性,0,
kpnCZaAhWuOymsRD,舒适性,0,
1BvD8xQqpmouKl2w,舒适性,0,
HsRBODZpbreXM1nP,舒适性,0,
X1M2nsA0Gy8IjKmx,舒适性,0,
ZVi7njCYN1403Kw6,舒适性,0,
rl8tJSg09y5dVI7p,舒适性,0,
QdaZJwOXbmkocY5v,舒适性,0,
dXf2rtkJHZPY0O6z,舒适性,0,
iGtjK9Ye0QPDkJRa,舒适性,0,
xMjehF1dANLv3oPf,舒适性,0,
imvjh6fsbZ1B8tDk,舒适性,0,
ZPylWN6mJtq73xER,舒适性,0,
k6KDiRX7ZNSMT5cq,舒适性,0,
ZeHdSwvXkxMUFBsl,舒适性,0,
aKEvnRIi9sjpV5OF,舒适性,0,
oGV6CWJsQM3XLacw,舒适性,0,
GtXULc9wDHPn03Wv,舒适性,0,
CKGlT36QPrIi1Vgm,舒适性,0,
bOrtawLljMfyNK37,舒适性,0,
8NX1aUQcJb7w4nHf,舒适性,0,
1fvPaU68LRyBGIjE,舒适性,0,
PidjOceCYJhm0Tpv,舒适性,0,
2eRJECFPTcoNtvBr,舒适性,0,
8XTxs5km0RqZVDcf,舒适性,0,
Yrqzo4aXitwTx7A8,舒适性,0,
nYjsiOvqFL2uydmf,舒适性,0,
c4yJrMVACb6iH2t9,舒适性,0,
S4iz3DlsT7gZ6Ooq,舒适性,0,
eCudFcjE3NyVaYtz,舒适性,0,
TCtMvskX4U53FR6n,舒适性,0,
zKdkoRw4fSJT865W,舒适性,0,
4RpKoDmk1wrHYGIM,舒适性,0,
CHn3flFZqRN2J0DY,舒适性,0,
RduLxnEZ5Hp6rhU3,舒适性,0,
o591G4LvY3uODzCZ,舒适性,0,
ZwDJI2ExNGAMqT6a,舒适性,0,
cYOzKSreBUWy8ZCp,舒适性,0,
eLaUK1R3dhMSW8cp,舒适性,0,
eDxluSgqH0ch9YiO,舒适性,0,
Ofw0eQbLz5W69aXT,舒适性,0,
X7Dmi6pBvyNF5bjH,舒适性,0,
Bhko5WI62HVJGm7C,舒适性,0,
DlyhrFJX45Wq16aE,舒适性,0,
Ns9dpHqrizVLSA68,舒适性,0,
gkO9FGQhnDH3iUKB,舒适性,0,
XjLzFYus5S6icta1,舒适性,0,
V84a0xwl6KoqWBSH,舒适性,0,
Phcq0nFXD3Y21b7d,舒适性,0,
3ya5ghm4wi9xcjTe,舒适性,0,
rRKxz0l5Jqo42GF7,舒适性,0,
Gid8zRPEolk6q5FO,舒适性,0,
lxkDKHi3veIRThdf,舒适性,0,
GuPbV6ogwZMNXyLr,舒适性,0,
c3Cb5atuQJnVgEKL,舒适性,0,
pmNyoGrdC1KhVlIA,舒适性,0,
t4YZpKuxUPTziljS,舒适性,0,
j7FmnNEyAGBHTu51,舒适性,0,
DKLwgMTHfV8xRj4S,舒适性,0,
6AzsD3lBJFKg0tqL,舒适性,0,
lUEiy21aFHVdfK8M,舒适性,0,
4zBtJOUsglWbkduc,舒适性,0,
4MJFjzA0lOP7WLQr,舒适性,0,
CMyhi0xvJV97RXZY,舒适性,0,
FmEnshzT3UoO9tpc,舒适性,0,
e6dLZW1CuoayNDIF,舒适性,0,
O1KpuZhFacmY8AXk,舒适性,0,
A3shCv62UTeX7Vyu,舒适性,0,
AYI8t95ykOVvom7P,舒适性,0,
hTEY0JfISa3i8Qwr,舒适性,0,
UFSVZrG1ldup8ytc,舒适性,0,
uOF5eWQHCSIb0lnX,舒适性,0,
wbtMuQ4noYlU2gSW,舒适性,0,
wkjKsHS6l84xU7cZ,舒适性,0,
vdFBH1tAlp6nYheT,舒适性,0,
kcIlN4O5yfJvtuGa,舒适性,0,
1zkIPQn47Hm2gL3O,舒适性,0,
2w1orQ7IHc9piAuV,舒适性,0,
jS0ZFgm9GuXeN1QV,舒适性,0,
rJbkSWvNsAdq5uY0,舒适性,0,
GVJanbkKzhwZBXMq,舒适性,0,
KNsicY6maflyA2dW,舒适性,0,
Vi7jog3FR9nLsxJc,舒适性,0,
iJDBmlQzdhKw7jYg,舒适性,0,
lYMn2whJSZmqksj3,舒适性,0,
bemz6FHr47lLEXqt,舒适性,0,
avVmnotfUrzwJMGT,舒适性,0,
LjrFIVgQ5TDaWwd8,舒适性,0,
TNyLjrCVD3vkpbZi,舒适性,0,
aI6hN1ovMDLJGBti,舒适性,0,
HcTv3d5k1a2plO6W,舒适性,0,
hz5flpCykL9qiSB8,舒适性,0,
pd5YZ8zr3TGD0BKl,舒适性,0,
cfEFLe80SjMrAmKT,舒适性,0,
AXEGeoVOpmZTDnyj,舒适性,0,
BaQFJU6Njo35PWzs,舒适性,0,
9LUOpIQHgYDm8FJw,舒适性,0,
s8ABFWKpRvLImVib,舒适性,0,
eCRVcP7qzTEwsY6m,舒适性,0,
ZXzQi6UeEIGamhCY,舒适性,0,
o2uk5zlOitwBFyYP,舒适性,0,
5GBLPV2kyCApzocS,舒适性,0,
mwgrVdS0lceuPjH1,舒适性,0,
PLCZmuQ4GRUqAlz5,舒适性,0,
xPCJYDniI6RMH9NA,舒适性,0,
KPM8W6gr9zYblAHZ,舒适性,0,
4vHOx2oj7cmynaG1,舒适性,0,
bDNSy4zjGYL7X8wI,舒适性,0,
rpxlgy8Fkm0ReJqv,舒适性,0,
dysLaH7rFpxUNwTG,舒适性,0,
ACzuk3oYFdBW1iRr,舒适性,0,
8Lg4uaXWwNHTnUhb,舒适性,0,
Asu64fxX7ydmaWQ9,舒适性,0,
Id8iAazTDpMGOv49,舒适性,0,
wBmEAOR0YjlgkWtT,舒适性,0,
jE6k7BXpZLNWl1hQ,舒适性,0,
0BCubTaSJ4V7jGAd,舒适性,0,
23VdWzG4iAgYZtSR,舒适性,0,
1TpwYUG4nbQxhfKk,舒适性,0,
KuUYrzfIatBJyOXp,舒适性,0,
CJ5Y9Waw0RIPmvUK,舒适性,0,
dloSVE124GTviNPL,舒适性,0,
Oeb0NAwXUjsxJDqH,舒适性,0,
7U9GMh8rypb4zvsO,舒适性,0,
DnymwrO7Ga1Qbdth,舒适性,0,
nIMGCSAzfe25WDRm,舒适性,0,
IOyEuQK7rgVZAzbi,舒适性,0,
Wt6bxF4HqgRUzMTZ,舒适性,0,
6mRUdJ7Y1erPAtS8,舒适性,0,
3HqNa5tQLnDRroW6,舒适性,0,
grwNKCJtsY0A6DVG,舒适性,0,
yrAnx9mfHYN0OT6g,舒适性,0,
zfu0NKtCVvXrDeUi,舒适性,0,
HrxIikTQemGdJKAL,舒适性,0,
a8ZDevQHbqX2JiSu,舒适性,0,
6mJSlntYXB28sq9u,舒适性,0,
icEsPJWUnRS01luo,舒适性,0,
gXnx20VphC5mAUb1,舒适性,0,
RaybZnkleEsQvUwC,舒适性,0,
IBzXueCTjWPyiwb9,舒适性,0,
EBh3kYb5eanuLqw7,舒适性,0,
MzQ8whRmWyp0kceZ,舒适性,0,
BmPrwYuL8QVetZjc,舒适性,0,
lwWxuiMO3yPoH1UJ,舒适性,0,
nfOq51SzPjtCZKvQ,舒适性,0,
yI79ofOCdiAenwrz,舒适性,0,
eyXNfkKiglxR6btY,舒适性,0,
Z1quzevkUXF9JplK,舒适性,0,
fdIJSbNeVpoT86PO,舒适性,0,
V5NCqp1jbLtr94BT,舒适性,0,
IftQwD8UO3Cs62jK,舒适性,0,
WsSnOLBp2wqvmxoy,舒适性,0,
6wAv17L0UaybuNfn,舒适性,0,
mF4PUT1vKM8gIAsi,舒适性,0,
CnUEJv94VzMiHjXy,舒适性,0,
RzW5GLurQx0imA2N,舒适性,0,
crjYmfA4kWhaQnMP,舒适性,0,
KMvqAsNXDfUicykQ,舒适性,0,
XFC1h4tuAMQH9pyN,舒适性,0,
foxsAMS3TVwvdiPh,舒适性,0,
JgQA0eZw9zKuySkh,舒适性,0,
wmbdEs1giGzMeoXR,舒适性,0,
0hcGSNLWQne3kuqE,舒适性,0,
blzhHtvQLcxIyfod,舒适性,0,
8T2Z9F6LexqXrIdQ,舒适性,0,
PaAuNd5lobeqXpOh,舒适性,0,
hNsmB8zE1nyaVodp,舒适性,0,
uKylUE0qMehdS4jZ,舒适性,0,
bDqpuTMz2oiR1kvS,舒适性,0,
DuofMgjiE0UvP9Gh,舒适性,0,
zLPXAiHmDMWnrO0c,舒适性,0,
UJeQBwqGfKhWTScr,舒适性,0,
1ku5LiXyCl8rcbSm,舒适性,0,
CXxDunpZgH7N0KyF,舒适性,0,
BaG7VWPc8mUQ4d53,舒适性,0,
FYVHuUQ3Llb2Odtk,舒适性,0,
NHYkCVopElwTO4SL,舒适性,0,
b2NSpzV4tH0qkZFg,舒适性,0,
Hv6EBj8tTAZphROb,舒适性,0,
jN3kMlzEJiRSm6Tr,舒适性,0,
uhpTbDHGwLadQ7nS,舒适性,0,
RnIMpei7agYdKjXs,舒适性,0,
OG8z3WDXMeFRfYnr,舒适性,0,
miG4ZxRoQSlg6KJd,舒适性,0,
uIoTZxQ2fv5AsjUF,舒适性,0,
bQIGj73D4BXPpCdy,舒适性,0,
kQKoDcN2pVsHnRvX,舒适性,0,
PZgilYx2KRnehqOk,舒适性,0,
6cLXpr1xS2AKefTv,舒适性,0,
rTEKoLtW9vp3qVNM,舒适性,0,
ycZd3HgBt5wpGjkK,舒适性,0,
OiMa4ugEcIYNsZ3Q,舒适性,0,
j1rPTY3NROwnxFaf,舒适性,0,
4Zci7QKdEwlLutJV,舒适性,0,
TmrwlJsu8A9zybGV,舒适性,0,
ZidVDX9wnLjWEJGq,舒适性,0,
A2l9McPr6ITYBNsa,舒适性,0,
j2Qx1P8a5wbULihs,舒适性,0,
hIGorWwQTapkS5n6,舒适性,0,
oFl5e7rT9mLqMPnu,舒适性,0,
I1NHXDm8dzvtkfs0,舒适性,0,
K7ci4kEpZ01axWBY,舒适性,0,
7PmnvLBwJSoUxf0G,舒适性,0,
UefN5RLZ1pqguoEj,舒适性,0,
ReGAf51HQagx8Zmi,舒适性,0,
XEQvpHbD7Z6kPVyA,舒适性,0,
OJDLu0ziXPNRT6df,舒适性,0,
foTKrM9SHGp7nuE0,舒适性,0,
SelgL0QrPayBZ18K,舒适性,0,
R8cyfI10m3Xi9tgM,舒适性,0,
FDkmPVcfhGbToNuX,舒适性,0,
bxrpsDYROK5iT1qj,舒适性,0,
b9qcJOVRfPEzUuM2,舒适性,0,
QtszkWi1bKVx9yG2,舒适性,0,
YbZsXMk3PvaVQnLK,舒适性,0,
Ijf1P4FEWUprbgZl,舒适性,0,
FR7zjZJHgqWs3oPc,舒适性,0,
MR3lsLjIOEXeU2AD,舒适性,0,
NGRFH02YfvIpnDZO,舒适性,0,
0jTdQIPg6ZaLp57O,舒适性,0,
4thTeMKoNiIgx65W,舒适性,0,
OQVWijN4lSh0FTey,舒适性,0,
sMi23mko0HIQtY8g,舒适性,0,
nVm3CoQ5pU6yP8uY,舒适性,0,
eE7PXURqbvwxh9GO,舒适性,0,
95yan1o6CpQ2A0Ew,舒适性,0,
9gO4pMXdBi6xD0lW,舒适性,0,
dHaJFoVOD7NmYjTq,舒适性,0,
vu6eVD7EHGRQJULC,舒适性,0,
q9uHxmI2frz8sX1C,舒适性,0,
ZwYtW93KxgOFi8D2,舒适性,0,
Em540HwFUypB8SbK,舒适性,0,
n7YxMp8c9Va2Nfse,舒适性,0,
2BWMN0iP6mO7QhuI,舒适性,0,
3AsFYcJ4OrW8wT7l,舒适性,0,
f9T17GDdFzhbSKk6,舒适性,0,
U3NevhxIRQaXnyLq,舒适性,0,
oepEUuObd6f4v3iR,舒适性,0,
jMB2W7Pdm1epbYNl,舒适性,0,
5DzJlZEOe2VLKpSX,舒适性,0,
af8n9cRIS4Vq0jmH,舒适性,0,
JRAFg3bDo1C67q9h,舒适性,0,
x9GXPl40AZ5TNiBh,舒适性,0,
zs3gC6PE4kfNb9Wt,舒适性,0,
5lgjSRwKCb3D4WTF,舒适性,0,
3qravlupfdIAMznx,舒适性,0,
3Cs9orcTeFh1dN87,舒适性,0,
SOpkMZLy40r1mYCq,舒适性,0,
DYrSPJLoywAdingm,舒适性,0,
WyUb7eGAJuz9Ftpc,舒适性,0,
UAaZtl1ST5kuzoem,舒适性,0,
Q89PBCgxDdeJ5Vfn,舒适性,0,
3m7VUknLa6Ff5rPc,舒适性,0,
LaPs4F8Q9q0Wewp5,舒适性,0,
aB6ythMmUQL4TneC,舒适性,0,
KgoZUjNaQvt6MfTA,舒适性,0,
U58QDMeHWXkfGESg,舒适性,0,
xapJi6lVUC0oH9Py,舒适性,0,
jmBWZfLGlaz2nJUu,舒适性,0,
yfpeWc2ljCkTvN4L,舒适性,0,
clht2VSkB3fFrHze,舒适性,0,
uTmyopKDFQVvC9jt,舒适性,0,
6uYPQjAedRH1wWCy,舒适性,0,
8tU9biECpJdRGhaL,舒适性,0,
lsHg09cr1NChwKp8,舒适性,0,
h7Fx4nQTyPR2z9M6,舒适性,0,
ldRbIBz5vAqsJ4WP,舒适性,0,
4cNTIxAwjOkSB8Vv,舒适性,0,
TiGkVHdRmPgMpb6s,舒适性,0,
8fJTX3LZMqErjg2Y,舒适性,0,
tEQLJfKlMnzOs0mw,舒适性,0,
n8EbUTyJVxpGtWzP,舒适性,0,
yvEOU7I2Z9pbMtNz,舒适性,0,
3GaSHdJUs4wDYfkR,舒适性,0,
WAFiDKqCfuP9xG7a,舒适性,0,
szVrI4Xjv7ibBOPy,舒适性,0,
9vBKy7aEfcG4SJPO,舒适性,0,
HiouAKZ24t58WqFV,舒适性,0,
K8TLE9Fcay03s7xr,舒适性,0,
t8i0ujgRV1ON3Qec,舒适性,0,
KNjsGxYQdD903Rbr,舒适性,0,
iFGrPAzYJoRdkOS8,舒适性,0,
8qg3OP1AtB5Evz9a,舒适性,0,
x2rYTQCbOd0JKA5y,舒适性,0,
8CAMHLk6DfzaGZJ1,舒适性,0,
4vedD3ThESw9KJxN,舒适性,0,
5GPVFrmzW2pqw6xf,舒适性,0,
ZhC07bX9fLwAEerz,舒适性,0,
cIn9fLxBgXV3451Y,舒适性,0,
qTf2jyoJYALC5DZ9,舒适性,0,
jDBJL5h3N6UK0YXV,舒适性,0,
i7AtFZHh60kaGp3T,舒适性,0,
CADf8GVlMn9r6me1,舒适性,0,
7mGsIBJAHFZ0tCz4,舒适性,0,
Fie0kyu1854nQpzA,舒适性,0,
mpAEy9iwRn631sKS,舒适性,0,
1782QoS3I4XrgZba,舒适性,0,
ODEdFk6L4psH9l28,舒适性,0,
5kyiUJ0LTNMVFZfq,舒适性,0,
3sHOQd5VmCz6npUY,舒适性,0,
SVIfiYWeB2yaGCQv,舒适性,0,
pCy0wamSeUnDP9Fr,舒适性,0,
6ru4D9eIzQ1iPkxv,舒适性,0,
4Ist9FJBkGATqYjO,舒适性,0,
A4vmUYQOlCB5p0Mf,舒适性,0,
LT14xdFN5vOce0wI,舒适性,0,
cADZp9bExndsOuWC,舒适性,0,
QjFJXPzDYsV1IRWO,舒适性,0,
Ni0TWvFVRU8XdmtO,舒适性,0,
63RsQ9a0JqXobE4m,舒适性,0,
L5xfDMnaIlWO6Vky,舒适性,0,
J9L6sZFX2fcUBzOS,舒适性,0,
LM7f4OynlJb8HqvY,舒适性,0,
i8mxAKoNVhD7CIg6,舒适性,0,
Unr7RcXmCght2ifD,舒适性,0,
8CZDFqhGmY3HwVz0,舒适性,0,
41nm2EQI9BXljaDk,舒适性,0,
6DWMVcopvEKwU4PJ,舒适性,0,
0gKMWbXrF2qyRTEk,舒适性,0,
ZfLWb4GQDRhgyvow,舒适性,0,
4TErfMzgFCnDRPqe,舒适性,0,
5UPW7gfxl9jTcMuN,舒适性,0,
RWc4PB7gMpnsmUHl,舒适性,0,
7FzGhLUQufMglaAn,舒适性,0,
4tlfWveDHL9wcZ7m,舒适性,0,
HCkprjv6uWRh47sL,舒适性,0,
QYLVlAzboyFTHWuw,舒适性,0,
9hv6gmwl0XbRKArI,舒适性,0,
WYa8Arw7bGLuKnqi,舒适性,0,
RrgVEIYCuW1iNqL4,舒适性,0,
fHSqoTiP2bIrEG8U,舒适性,0,
De6AFcbTKIl4R3Qg,舒适性,0,
nI0YSRiZdC2MEmag,舒适性,0,
dkBrQ8FaUsD50qJ7,舒适性,0,
2YvN9c8p3yrlhIQt,舒适性,0,
9hBGibuUNvjL1Qng,舒适性,0,
8jgDfxBpO45FWl1m,舒适性,0,
BMifCDqjK6JwGTnL,舒适性,0,
SyZ6BOmLAeYc09pf,舒适性,0,
0aUzxbsfLNnljZMS,舒适性,0,
PgCAcDLuVZ41xzod,舒适性,0,
vDUH86p9mfyQP5cA,舒适性,0,
0m3DxdfAIcgnE4kM,舒适性,0,
InuPQK6wX9UtzgCl,舒适性,0,
0euRkBO8AwisjYTJ,舒适性,0,
SRNvlyPi7OM81VQC,舒适性,0,
htC6x7q2Yv14uUFX,舒适性,0,
R3ANbXlwH8z6vWPj,舒适性,0,
RKZmPl1Ny5dDC42o,舒适性,0,
athS4JK0ClzGrYb8,舒适性,0,
6sCNZQ0854b9k2ep,舒适性,0,
nkNvR74fauUP9oSg,舒适性,0,
7HjuWDZzSykeEOIQ,舒适性,0,
6nulXChYs8biaKg7,舒适性,0,
z1Vy3OLYhdZjrW9m,舒适性,0,
FVOZ4U9adMc6gnRb,舒适性,0,
y7ziHVFaYs3vAS5C,舒适性,0,
dWjXp309QZK6sOBt,舒适性,0,
UMeVQhHNRcoYJ8GT,舒适性,0,
qCrxFMylGAKYfR8T,舒适性,0,
NMzl5tR6JQwCb0e1,舒适性,0,
CqSyRtsONd1iG5BJ,舒适性,0,
BGE1XAJ6iCZ9uclf,舒适性,0,
Ce7V3lxzB2mrpL5w,舒适性,0,
o9mCw65vOBq0fYUF,舒适性,0,
iAktfmCUh4aeMrZS,舒适性,0,
oKTmraqO2ltuZ6N0,舒适性,0,
pcK875yafZ0DvE9S,舒适性,0,
6nb4X8DrhGIysL9R,舒适性,0,
nYqDJsS4CEVwAu8x,舒适性,0,
itm5q6I1z8vf7ZMD,舒适性,0,
rEG7UsMicjYIuO0H,舒适性,0,
swWXCztEAlxLfkOI,舒适性,0,
8lrYXUQIg1cFxjd7,舒适性,0,
G5WVJdhNEr71HyBI,舒适性,0,
ytm3xPrzZ4OuXIH1,舒适性,0,
uokFtR1jyIimG9UT,舒适性,0,
hY9A7rn2wlmEF0uo,舒适性,0,
wTJY4NqXUaPSgpWt,舒适性,0,
gDtCHTmXVEUsqiyW,舒适性,0,
0aUM14td75FBNEfl,舒适性,0,
YT5pdexbmOQwG7hR,舒适性,0,
Ct5pUOgmiTQ7o3fL,舒适性,0,
0EkBRAYPsfOTt4z3,舒适性,0,
m1d2uePf9JFGbg8a,舒适性,0,
1qT9KYyC8el7Om4M,舒适性,0,
XbUZeDAdEpMwg7kt,舒适性,0,
Qt0XJqvUN6gOhePZ,舒适性,0,
sNc3FPI4ZnrUgS8G,舒适性,0,
OxkuXFay5GLP1eIh,舒适性,0,
3Zl8sQoSMrOUCyhg,舒适性,0,
EFVfO2leBpH0uzrw,舒适性,0,
DIjbzLMF2vgEsxti,舒适性,0,
j2bY7lqSH3PawNn5,舒适性,0,
4N70AwcexTqDCoJr,舒适性,0,
yGsQJVCBYmMglaUp,舒适性,0,
mouaUxBnX2vHPYsR,舒适性,0,
Zl8IfcmpNrLVAPS4,舒适性,0,
fIHPrW8MzVdC4kwF,舒适性,0,
E5390SuTF2RoQyzt,舒适性,0,
5XznxhYNAGF7WKJD,舒适性,0,
S3Aq4NOhFDspEgZm,舒适性,0,
3qVmrKu1wxJb0X6I,舒适性,0,
vPCDf2OemEGh4jzl,舒适性,0,
trsL1COIpBSWXMex,舒适性,0,
PE5gLlduiYGTzqsn,舒适性,0,
WgtvsofC74wOIYVb,舒适性,0,
H8jYWQ5gMADxtmuh,舒适性,0,
ouMTnWL81gZemPi9,舒适性,0,
7pDJV8ab4NjH3r5e,舒适性,0,
hGPD9vBZgR6zNV4S,舒适性,0,
2jJXvw58LHgT3RBD,舒适性,0,
OCkifpF73WQYjoNI,舒适性,0,
XrQJUSeIVhBib86Z,舒适性,0,
MF2yRZwkDtmozdPS,舒适性,0,
Yu0EUZt54G8fiHOW,舒适性,0,
yLhg5NmjCWat4YFV,舒适性,0,
0GtHsUD3ikzZoX5q,舒适性,0,
S3dNtUixLg2uVkWD,舒适性,0,
xJ1wWtb9TsYkKO5X,舒适性,0,
lr0sCcFamRVfPHn5,舒适性,0,
H6y17JaXzxADtqer,舒适性,0,
DJES3mRatNG7AMwz,舒适性,0,
GdPUZvlCm438WtS5,舒适性,0,
m1rOC6jMweNH2Q9J,舒适性,0,
vP56NeZdJA8jtXmF,舒适性,0,
fQnMrWegYBvTh2Ic,舒适性,0,
xSTt0OV9nYkb6NEa,舒适性,0,
BfWd1cJDFQLNn3gG,舒适性,0,
IoKEnR3JdXu0gG4h,舒适性,0,
4p5xbNDUMLAwvzrY,舒适性,0,
VYJEH3N0ZkGt5Xvy,舒适性,0,
iSp7q8d4eW9honmI,舒适性,0,
WLHp3PYJ9FvOGXE2,舒适性,0,
